transactions_id,sale_time,customer_id,gender,age,category,quantity,price_per_unit,cogs,total_sale
180,10:47:00,117,Male,41,Clothing,3,300,129,900
522,11:00:00,52,Male,46,Beauty,3,500,145,1500
559,10:48:00,5,Female,40,Clothing,4,300,84,1200
1180,08:53:00,85,Male,41,Clothing,3,300,129,900
1522,08:35:00,48,Male,46,Beauty,3,500,235,1500
1559,07:40:00,49,Female,40,Clothing,4,300,144,1200
163,09:38:00,144,Female,64,Clothing,3,50,23,150
303,11:09:00,54,Male,19,Electronics,3,30,14.7,90
421,08:43:00,66,Female,37,Clothing,3,500,235,1500
979,10:18:00,6,Female,19,Beauty,1,25,10.5,25
1163,10:52:00,120,Female,64,Clothing,3,50,27,150
1303,08:59:00,58,Male,19,Electronics,3,30,15,90
1421,07:07:00,59,Female,37,Clothing,3,500,185,1500
1979,11:34:00,102,Female,19,Beauty,1,25,7.75,25
610,06:56:00,137,Female,26,Beauty,2,300,93,600
1610,10:18:00,1,Female,26,Beauty,2,300,102,600
32,09:11:00,150,Male,30,Beauty,3,30,8.4,90
231,07:02:00,50,Female,23,Clothing,3,50,26.5,150
683,10:22:00,82,Male,38,Beauty,2,500,175,1000
1032,08:15:00,1,Male,30,Beauty,3,30,10.5,90
1231,07:05:00,12,Female,23,Clothing,3,50,23,150
1683,07:19:00,98,Male,38,Beauty,2,500,220,1000
367,07:03:00,123,Female,57,Electronics,1,50,18,50
391,07:37:00,68,Male,19,Beauty,2,25,6.25,50
432,11:31:00,17,Female,,Electronics,2,500,190,1000
1367,11:38:00,16,Female,,Electronics,1,50,15.5,50
1391,11:29:00,130,Male,,Beauty,2,25,9.25,50
1432,06:24:00,67,Female,,Electronics,2,500,245,1000
150,08:25:00,89,Female,,Electronics,4,30,16.2,120
845,10:12:00,25,Male,,Clothing,1,500,145,500
1150,10:04:00,77,Female,,Electronics,4,30,10.2,120
1845,07:06:00,94,Male,,Clothing,1,500,185,500
797,06:38:00,116,Male,,Clothing,3,25,10.75,75
921,09:34:00,101,Male,,Electronics,3,25,8,75
1797,11:47:00,147,Male,40,Clothing,3,25,12.25,75
1921,07:01:00,77,Male,51,Electronics,3,25,7.5,75
291,08:29:00,15,Male,60,Clothing,2,300,126,600
907,06:16:00,145,Female,45,Electronics,1,25,8.5,25
1291,11:19:00,72,Male,60,Clothing,2,300,153,600
1907,11:21:00,115,Female,45,Electronics,1,25,9,25
860,08:58:00,85,Male,63,Clothing,4,50,16,200
1860,11:21:00,57,Male,63,Clothing,4,50,18,200
184,06:44:00,128,Male,31,Electronics,4,50,17,200
734,08:54:00,77,Female,27,Clothing,1,30,15.6,30
1184,08:28:00,23,Male,31,Electronics,4,50,27.5,200
1734,08:58:00,72,Female,27,Clothing,1,30,14.4,30
225,07:37:00,85,Female,57,Beauty,4,25,12.75,100
679,08:59:00,64,Female,18,Beauty,,,,
746,11:33:00,42,Female,33,Clothing,,,,
1225,09:51:00,137,Female,57,Beauty,,,,
1679,08:08:00,71,Female,18,Beauty,3,30,15.3,90
1746,07:59:00,88,Female,33,Clothing,3,30,10.8,90
3,07:08:00,114,Male,50,Electronics,1,30,8.1,30
464,11:13:00,24,Male,38,Electronics,2,300,75,600
484,07:52:00,135,Female,19,Clothing,4,300,75,1200
591,08:38:00,94,Male,53,Electronics,4,25,6.5,100
1003,07:59:00,80,Male,50,Electronics,1,30,15.9,30
1464,10:06:00,80,Male,38,Electronics,2,300,126,600
1484,09:29:00,22,Female,19,Clothing,4,300,147,1200
1591,11:00:00,62,Male,53,Electronics,4,25,7,100
21,07:33:00,59,Female,50,Beauty,1,500,275,500
708,08:38:00,62,Female,43,Beauty,3,300,87,900
713,11:43:00,39,Male,34,Beauty,3,25,11.25,75
768,06:50:00,58,Female,24,Beauty,3,25,10.5,75
1021,10:19:00,44,Female,50,Beauty,1,500,155,500
1708,07:47:00,41,Female,43,Beauty,3,300,162,900
1713,10:10:00,90,Male,34,Beauty,3,25,10.75,75
1768,09:52:00,85,Female,24,Beauty,3,25,8.75,75
499,10:52:00,15,Male,46,Beauty,2,30,16.5,60
697,07:52:00,152,Male,53,Clothing,1,500,200,500
831,11:49:00,149,Male,27,Electronics,4,25,13.75,100
1499,09:46:00,3,Male,46,Beauty,2,30,11.7,60
1697,08:22:00,54,Male,53,Clothing,1,500,265,500
1831,10:54:00,80,Male,27,Electronics,4,25,6.5,100
15,11:50:00,75,Female,42,Electronics,4,500,210,2000
743,07:54:00,55,Female,34,Beauty,4,500,260,2000
1015,11:53:00,94,Female,42,Electronics,4,500,200,2000
1743,09:37:00,47,Female,34,Beauty,4,500,250,2000
14,07:11:00,8,Male,64,Clothing,4,30,13.2,120
103,10:05:00,33,Female,59,Clothing,1,25,10.75,25
238,11:52:00,20,Female,39,Beauty,1,500,150,500
986,09:35:00,65,Female,49,Clothing,2,500,200,1000
1014,10:26:00,147,Male,64,Clothing,4,30,11.4,120
1103,07:11:00,61,Female,59,Clothing,1,25,6.75,25
1238,07:38:00,129,Female,39,Beauty,1,500,165,500
1986,08:28:00,29,Female,49,Clothing,2,500,145,1000
438,10:15:00,88,Female,42,Clothing,1,30,15.9,30
1438,10:00:00,72,Female,42,Clothing,1,30,13.8,30
475,10:39:00,78,Male,26,Clothing,3,25,9,75
505,07:25:00,86,Male,24,Beauty,1,50,19.5,50
1475,07:03:00,132,Male,26,Clothing,3,25,10.75,75
1505,08:00:00,98,Male,24,Beauty,1,50,14.5,50
344,09:47:00,69,Female,42,Beauty,1,30,7.5,30
448,09:36:00,86,Female,54,Beauty,2,30,16.2,60
742,06:08:00,37,Female,38,Electronics,4,500,195,2000
1344,06:12:00,144,Female,42,Beauty,1,30,11.1,30
1448,06:28:00,51,Female,54,Beauty,2,30,9.3,60
1742,08:25:00,18,Female,38,Electronics,4,500,220,2000
445,10:48:00,132,Female,53,Electronics,1,300,138,300
787,10:42:00,25,Male,41,Electronics,1,25,13.75,25
1445,06:16:00,31,Female,53,Electronics,1,300,129,300
1787,07:42:00,104,Male,41,Electronics,1,25,10,25
49,10:33:00,37,Female,54,Electronics,2,500,255,1000
420,10:53:00,28,Female,22,Clothing,4,500,200,2000
519,10:17:00,52,Female,36,Electronics,4,30,16.5,120
1049,06:36:00,143,Female,54,Electronics,2,500,125,1000
1420,07:01:00,138,Female,22,Clothing,4,500,205,2000
1519,07:35:00,139,Female,36,Electronics,4,30,9.3,120
64,06:34:00,7,Male,49,Clothing,4,25,8.5,100
592,09:15:00,77,Female,46,Beauty,4,500,275,2000
912,06:18:00,122,Male,51,Beauty,3,50,20.5,150
1064,10:38:00,49,Male,49,Clothing,4,25,13.75,100
1592,09:08:00,81,Female,46,Beauty,4,500,155,2000
1912,07:40:00,146,Male,51,Beauty,3,50,22,150
134,09:03:00,132,Male,49,Electronics,1,50,16,50
1134,09:04:00,106,Male,49,Electronics,1,50,24,50
288,09:59:00,27,Male,28,Clothing,4,30,12,120
323,08:22:00,97,Female,29,Beauty,3,300,150,900
618,10:22:00,5,Female,27,Beauty,1,50,26,50
720,08:50:00,116,Female,56,Beauty,3,500,235,1500
1288,11:56:00,26,Male,28,Clothing,4,30,9,120
1323,10:49:00,136,Female,29,Beauty,3,300,114,900
1618,06:27:00,118,Female,27,Beauty,1,50,13.5,50
1720,08:51:00,28,Female,56,Beauty,3,500,190,1500
415,09:59:00,85,Male,53,Clothing,2,30,8.1,60
736,08:30:00,97,Male,29,Clothing,4,25,9.75,100
929,10:18:00,40,Female,23,Beauty,3,25,10.5,75
1415,07:11:00,146,Male,53,Clothing,2,30,15.3,60
1736,08:57:00,87,Male,29,Clothing,4,25,10.25,100
1929,06:50:00,62,Female,23,Beauty,3,25,12.75,75
264,11:03:00,111,Male,47,Clothing,3,300,150,900
913,10:52:00,78,Male,29,Electronics,3,30,16.5,90
940,08:11:00,46,Female,20,Electronics,1,30,9.6,30
1264,09:23:00,82,Male,47,Clothing,3,300,123,900
1913,07:10:00,101,Male,29,Electronics,3,30,14.1,90
1940,09:47:00,56,Female,20,Electronics,1,30,11.1,30
101,08:46:00,24,Male,32,Clothing,2,300,135,600
1101,07:47:00,15,Male,32,Clothing,2,300,132,600
189,09:44:00,143,Male,63,Beauty,1,50,14.5,50
317,07:54:00,117,Male,22,Electronics,3,30,12,90
322,06:11:00,13,Male,51,Electronics,1,500,125,500
329,07:42:00,52,Female,46,Electronics,4,25,8,100
1189,06:08:00,104,Male,63,Beauty,1,50,20.5,50
1317,08:02:00,144,Male,22,Electronics,3,30,12,90
1322,09:56:00,10,Male,51,Electronics,1,500,250,500
1329,10:39:00,119,Female,46,Electronics,4,25,9.25,100
235,10:13:00,132,Female,23,Electronics,2,500,275,1000
300,09:41:00,138,Female,19,Electronics,4,50,26.5,200
964,08:18:00,15,Male,24,Clothing,3,300,156,900
1235,06:44:00,87,Female,23,Electronics,2,500,220,1000
1300,08:57:00,7,Female,19,Electronics,4,50,24,200
1964,08:27:00,115,Male,24,Clothing,3,300,111,900
269,11:31:00,87,Male,25,Clothing,4,500,250,2000
320,08:35:00,57,Female,28,Electronics,4,300,159,1200
673,10:14:00,18,Female,43,Clothing,3,500,270,1500
1269,08:09:00,71,Male,25,Clothing,4,500,145,2000
1320,11:55:00,102,Female,28,Electronics,4,300,84,1200
1673,07:36:00,42,Female,43,Clothing,3,500,185,1500
142,10:05:00,61,Male,35,Electronics,4,300,138,1200
223,11:18:00,61,Female,64,Clothing,1,25,12,25
666,10:59:00,49,Male,51,Electronics,3,50,16,150
1142,09:49:00,2,Male,35,Electronics,4,300,114,1200
1223,07:40:00,106,Female,64,Clothing,1,25,9.75,25
1666,10:10:00,125,Male,51,Electronics,3,50,21,150
107,09:18:00,75,Female,21,Clothing,4,300,78,1200
933,07:53:00,81,Male,22,Beauty,1,30,12.9,30
1107,11:14:00,62,Female,21,Clothing,4,300,102,1200
1933,11:04:00,121,Male,22,Beauty,1,30,14.4,30
237,08:54:00,105,Female,50,Beauty,2,500,165,1000
335,09:23:00,2,Female,47,Beauty,4,30,10.8,120
1237,09:20:00,48,Female,50,Beauty,2,500,215,1000
1335,08:45:00,117,Female,47,Beauty,4,30,8.7,120
63,11:49:00,127,Male,57,Electronics,2,25,6.25,50
195,11:51:00,10,Male,52,Clothing,1,30,9.3,30
333,08:15:00,21,Female,54,Electronics,4,300,99,1200
379,07:28:00,76,Female,47,Clothing,1,25,8.5,25
490,06:07:00,43,Male,34,Clothing,3,50,18.5,150
530,07:52:00,8,Female,18,Electronics,4,30,9,120
740,06:58:00,33,Female,25,Beauty,4,50,13,200
793,10:53:00,1,Male,54,Beauty,1,30,14.7,30
1063,10:26:00,56,Male,57,Electronics,2,25,11,50
1195,07:07:00,55,Male,52,Clothing,1,30,12,30
1333,11:38:00,151,Female,54,Electronics,4,300,165,1200
1379,06:23:00,69,Female,47,Clothing,1,25,7.25,25
1490,07:15:00,155,Male,34,Clothing,3,50,17,150
1530,08:17:00,93,Female,18,Electronics,4,30,12.3,120
1740,06:01:00,66,Female,25,Beauty,4,50,27,200
1793,06:05:00,88,Male,54,Beauty,1,30,10.8,30
85,08:05:00,68,Male,31,Clothing,3,50,19,150
232,07:14:00,150,Female,43,Beauty,1,25,12.75,25
240,11:49:00,95,Female,23,Beauty,1,300,123,300
993,09:21:00,134,Female,48,Electronics,3,50,17,150
1085,09:29:00,76,Male,31,Clothing,3,50,17,150
1232,08:05:00,146,Female,43,Beauty,1,25,6.25,25
1240,07:42:00,144,Female,23,Beauty,1,300,90,300
1993,11:53:00,123,Female,48,Electronics,3,50,26.5,150
366,09:32:00,116,Male,57,Clothing,2,50,17.5,100
372,11:45:00,27,Female,24,Beauty,3,500,140,1500
596,08:44:00,87,Female,64,Electronics,1,300,93,300
936,10:51:00,143,Male,57,Beauty,4,50,19.5,200
1366,11:34:00,25,Male,57,Clothing,2,50,23.5,100
1372,10:53:00,60,Female,24,Beauty,3,500,145,1500
1596,06:22:00,7,Female,64,Electronics,1,300,141,300
1936,11:32:00,60,Male,57,Beauty,4,50,12.5,200
284,09:17:00,129,Male,43,Clothing,4,50,20.5,200
434,06:09:00,50,Female,43,Electronics,2,25,8.25,50
775,11:07:00,98,Female,46,Electronics,4,25,9.5,100
977,08:35:00,46,Female,35,Electronics,3,25,13.75,75
1284,11:43:00,145,Male,43,Clothing,4,50,18,200
1434,10:02:00,147,Female,43,Electronics,2,25,7,50
1775,08:04:00,78,Female,46,Electronics,4,25,13.75,100
1977,10:46:00,63,Female,35,Electronics,3,25,12,75
649,08:17:00,44,Female,58,Clothing,2,300,135,600
1649,07:44:00,72,Female,58,Clothing,2,300,75,600
54,10:17:00,142,Female,38,Electronics,3,500,200,1500
68,09:06:00,146,Male,25,Electronics,1,300,84,300
192,08:05:00,134,Male,62,Beauty,2,50,13,100
1054,09:24:00,49,Female,38,Electronics,3,500,140,1500
1068,10:11:00,136,Male,25,Electronics,1,300,111,300
1192,08:41:00,37,Male,62,Beauty,2,50,20.5,100
331,08:33:00,28,Male,28,Electronics,3,30,10.2,90
346,06:54:00,38,Male,59,Clothing,2,500,215,1000
657,08:53:00,46,Male,40,Clothing,1,25,8,25
732,08:45:00,136,Male,61,Electronics,2,500,250,1000
972,11:42:00,139,Male,49,Beauty,4,25,6.75,100
1331,09:29:00,36,Male,28,Electronics,3,30,13.8,90
1346,10:01:00,112,Male,59,Clothing,2,500,130,1000
1657,10:05:00,61,Male,40,Clothing,1,25,8,25
1732,07:05:00,55,Male,61,Electronics,2,500,215,1000
1972,06:39:00,5,Male,49,Beauty,4,25,9.25,100
714,08:50:00,20,Female,18,Clothing,1,500,190,500
1714,06:07:00,111,Female,18,Clothing,1,500,245,500
193,10:40:00,55,Male,35,Beauty,3,500,180,1500
577,11:55:00,45,Male,21,Beauty,4,500,215,2000
848,10:46:00,15,Female,63,Clothing,3,25,9.75,75
945,10:01:00,120,Male,30,Beauty,1,25,13.25,25
1193,11:31:00,50,Male,35,Beauty,3,500,145,1500
1577,06:22:00,145,Male,21,Beauty,4,500,160,2000
1848,10:16:00,63,Female,63,Clothing,3,25,12.5,75
1945,09:55:00,33,Male,30,Beauty,1,25,10.75,25
11,10:30:00,151,Male,23,Clothing,2,50,23.5,100
821,11:27:00,40,Male,49,Electronics,1,300,129,300
1011,06:48:00,15,Male,23,Clothing,2,50,19,100
1821,07:17:00,42,Male,49,Electronics,1,300,108,300
133,09:01:00,70,Male,20,Electronics,3,300,87,900
1133,06:42:00,58,Male,20,Electronics,3,300,159,900
16,10:33:00,82,Male,19,Clothing,3,500,180,1500
42,08:29:00,63,Male,22,Clothing,3,300,147,900
292,06:33:00,111,Male,20,Beauty,4,300,141,1200
416,09:29:00,55,Male,53,Electronics,4,500,245,2000
584,10:21:00,106,Female,27,Beauty,4,50,16.5,200
861,08:57:00,22,Female,41,Clothing,3,30,9.6,90
1016,07:39:00,52,Male,19,Clothing,3,500,200,1500
1042,06:21:00,7,Male,22,Clothing,3,300,150,900
1292,08:20:00,88,Male,20,Beauty,4,300,90,1200
1416,10:47:00,111,Male,53,Electronics,4,500,125,2000
1584,11:07:00,62,Female,27,Beauty,4,50,16.5,200
1861,10:41:00,145,Female,41,Clothing,3,30,10.2,90
256,08:05:00,3,Male,23,Clothing,2,500,270,1000
1256,09:58:00,29,Male,23,Clothing,2,500,190,1000
44,11:07:00,93,Female,22,Clothing,1,25,11.75,25
257,08:49:00,130,Male,19,Beauty,4,500,165,2000
1044,09:08:00,70,Female,22,Clothing,1,25,7.5,25
1257,11:55:00,29,Male,19,Beauty,4,500,255,2000
268,08:26:00,93,Female,28,Electronics,1,30,8.7,30
287,11:07:00,88,Male,54,Clothing,4,25,10,100
966,07:22:00,119,Male,60,Electronics,2,500,190,1000
1268,09:33:00,15,Female,28,Electronics,1,30,14.1,30
1287,08:03:00,120,Male,54,Clothing,4,25,7,100
1966,09:52:00,74,Male,60,Electronics,2,500,200,1000
70,10:48:00,147,Female,43,Clothing,1,300,84,300
371,10:01:00,32,Female,20,Beauty,1,25,13,25
900,08:41:00,130,Male,21,Clothing,2,30,15.6,60
1070,11:12:00,102,Female,43,Clothing,1,300,120,300
1371,06:52:00,41,Female,20,Beauty,1,25,13.5,25
1900,06:43:00,65,Male,21,Clothing,2,30,10.8,60
8,11:19:00,148,Male,30,Electronics,4,25,11,100
41,10:36:00,88,Male,34,Clothing,2,25,13.25,50
454,07:20:00,13,Female,46,Beauty,1,25,13,25
780,11:30:00,107,Male,52,Electronics,2,25,13.25,50
920,10:25:00,99,Female,28,Beauty,3,25,6.75,75
1008,08:51:00,116,Male,30,Electronics,4,25,13,100
1041,07:27:00,74,Male,34,Clothing,2,25,11,50
1454,11:18:00,22,Female,46,Beauty,1,25,6.75,25
1780,10:00:00,32,Male,52,Electronics,2,25,10.5,50
1920,08:33:00,23,Female,28,Beauty,3,25,9.25,75
396,07:11:00,29,Female,55,Beauty,1,30,10.8,30
1396,06:23:00,9,Female,55,Beauty,1,30,8.4,30
168,09:20:00,138,Male,53,Clothing,1,300,102,300
400,09:52:00,2,Male,53,Clothing,4,50,24,200
611,08:13:00,11,Male,51,Beauty,3,500,180,1500
800,07:33:00,111,Male,32,Clothing,4,300,87,1200
1168,07:56:00,68,Male,53,Clothing,1,300,150,300
1400,11:54:00,115,Male,53,Clothing,4,50,20,200
1611,07:30:00,125,Male,51,Beauty,3,500,180,1500
1800,10:53:00,1,Male,32,Clothing,4,300,111,1200
272,11:57:00,112,Female,61,Electronics,2,50,27.5,100
473,10:09:00,1,Male,64,Beauty,1,50,14.5,50
506,07:13:00,9,Male,34,Beauty,3,500,200,1500
766,08:02:00,128,Male,38,Electronics,3,300,165,900
1272,11:59:00,66,Female,61,Electronics,2,50,17,100
1473,09:06:00,30,Male,64,Beauty,1,50,13,50
1506,07:31:00,52,Male,34,Beauty,3,500,245,1500
1766,06:08:00,6,Male,38,Electronics,3,300,129,900
135,07:22:00,104,Male,20,Clothing,2,25,13,50
1135,08:16:00,124,Male,20,Clothing,2,25,12.5,50
2,10:07:00,104,Female,26,Clothing,2,500,135,1000
158,11:38:00,141,Female,44,Electronics,2,300,132,600
185,09:48:00,57,Male,24,Clothing,1,25,7,25
433,08:48:00,144,Male,29,Beauty,4,50,20,200
1002,09:24:00,69,Female,26,Clothing,2,500,270,1000
1158,09:29:00,77,Female,44,Electronics,2,300,138,600
1185,10:28:00,153,Male,24,Clothing,1,25,10.25,25
1433,11:41:00,113,Male,29,Beauty,4,50,15.5,200
152,11:58:00,120,Male,43,Electronics,4,500,210,2000
753,10:07:00,70,Female,32,Clothing,1,30,15.9,30
763,09:43:00,58,Male,34,Clothing,2,25,11.5,50
932,08:33:00,120,Female,45,Beauty,4,25,7.75,100
1152,07:48:00,87,Male,43,Electronics,4,500,170,2000
1753,07:40:00,28,Female,32,Clothing,1,30,10.5,30
1763,11:37:00,93,Male,34,Clothing,2,25,13.5,50
1932,07:07:00,96,Female,45,Beauty,4,25,6.25,100
399,09:25:00,136,Female,64,Beauty,2,30,12.9,60
500,06:11:00,120,Female,60,Beauty,4,25,11.5,100
514,08:35:00,139,Female,18,Electronics,1,300,96,300
1399,09:32:00,15,Female,64,Beauty,2,30,16.2,60
1500,08:36:00,53,Female,60,Beauty,4,25,8.5,100
1514,10:55:00,59,Female,18,Electronics,1,300,75,300
947,07:09:00,4,Male,50,Beauty,1,300,129,300
1947,06:27:00,134,Male,50,Beauty,1,300,75,300
220,06:44:00,138,Male,64,Beauty,1,500,140,500
339,10:27:00,33,Female,22,Electronics,2,25,10.25,50
785,06:09:00,88,Female,31,Beauty,4,50,13,200
885,10:10:00,121,Female,52,Clothing,4,30,14.4,120
888,06:03:00,63,Female,52,Electronics,4,25,12.75,100
1220,11:16:00,47,Male,64,Beauty,1,500,240,500
1339,10:34:00,132,Female,22,Electronics,2,25,7.5,50
1785,11:17:00,144,Female,31,Beauty,4,50,17,200
1885,07:32:00,148,Female,52,Clothing,4,30,10.8,120
1888,08:10:00,49,Female,52,Electronics,4,25,12.5,100
621,09:55:00,138,Female,40,Beauty,2,500,275,1000
1621,10:49:00,2,Female,40,Beauty,2,500,160,1000
52,09:42:00,55,Female,36,Beauty,1,300,111,300
536,06:25:00,17,Female,55,Beauty,4,30,8.7,120
1052,06:12:00,94,Female,36,Beauty,1,300,120,300
1536,07:23:00,14,Female,55,Beauty,4,30,13.5,120
197,11:57:00,14,Female,42,Clothing,4,50,25.5,200
750,07:33:00,69,Female,35,Clothing,3,25,8.75,75
910,06:29:00,138,Female,20,Beauty,3,50,22.5,150
917,11:50:00,120,Female,57,Electronics,4,50,16.5,200
1197,10:07:00,77,Female,42,Clothing,4,50,19,200
1750,10:10:00,138,Female,35,Clothing,3,25,7.25,75
1910,06:22:00,141,Female,20,Beauty,3,50,18,150
1917,07:17:00,52,Female,57,Electronics,4,50,24,200
198,11:42:00,30,Female,54,Beauty,3,300,114,900
444,07:06:00,51,Female,61,Clothing,3,30,15.9,90
547,07:36:00,3,Male,63,Clothing,4,500,250,2000
705,07:28:00,37,Male,60,Electronics,2,25,6.25,50
1198,10:43:00,147,Female,54,Beauty,3,300,159,900
1444,06:18:00,135,Female,61,Clothing,3,30,14.1,90
1547,06:39:00,142,Male,63,Clothing,4,500,235,2000
1705,08:32:00,94,Male,60,Electronics,2,25,8.75,50
423,06:06:00,41,Female,27,Clothing,1,25,11.75,25
1423,07:56:00,131,Female,27,Clothing,1,25,11,25
248,07:11:00,5,Male,26,Clothing,3,300,126,900
360,09:04:00,26,Male,42,Clothing,4,25,10.5,100
377,08:30:00,141,Female,46,Clothing,4,50,18,200
1248,08:20:00,68,Male,26,Clothing,3,300,111,900
1360,09:31:00,93,Male,42,Clothing,4,25,6.25,100
1377,07:52:00,71,Female,46,Clothing,4,50,14,200
397,08:06:00,59,Female,30,Beauty,1,25,10.5,25
623,10:00:00,39,Male,34,Clothing,3,50,26,150
1397,11:05:00,6,Female,30,Beauty,1,25,11.75,25
1623,06:14:00,76,Male,34,Clothing,3,50,22,150
717,08:15:00,8,Male,57,Clothing,1,500,190,500
1717,09:40:00,21,Male,57,Clothing,1,500,175,500
130,06:21:00,114,Female,57,Clothing,1,500,125,500
658,07:47:00,93,Male,59,Clothing,1,25,6.5,25
1130,09:03:00,28,Female,57,Clothing,1,500,180,500
1658,06:08:00,148,Male,59,Clothing,1,25,12.25,25
7,06:24:00,38,Male,46,Clothing,2,25,13.25,50
119,09:11:00,127,Female,60,Clothing,3,50,27.5,150
278,11:42:00,71,Female,37,Clothing,4,25,13.5,100
1007,10:09:00,15,Male,46,Clothing,2,25,11.5,50
1119,09:36:00,1,Female,60,Clothing,3,50,25.5,150
1278,06:19:00,28,Female,37,Clothing,4,25,6.75,100
117,11:38:00,8,Male,19,Electronics,2,500,230,1000
1117,07:48:00,144,Male,19,Electronics,2,500,210,1000
442,11:07:00,24,Female,60,Clothing,4,25,13.25,100
590,11:52:00,151,Male,36,Clothing,3,300,135,900
607,09:33:00,109,Male,54,Clothing,3,25,13.25,75
1442,11:02:00,96,Female,60,Clothing,4,25,11.25,100
1590,09:39:00,142,Male,36,Clothing,3,300,147,900
1607,10:18:00,53,Male,54,Clothing,3,25,7.75,75
436,11:54:00,21,Female,57,Clothing,4,30,13.5,120
942,09:22:00,35,Male,51,Clothing,3,500,160,1500
1436,11:29:00,1,Female,57,Clothing,4,30,9.9,120
1942,11:53:00,112,Male,51,Clothing,3,500,265,1500
659,06:08:00,75,Female,39,Electronics,1,30,8.1,30
941,09:58:00,39,Female,57,Clothing,2,25,6.5,50
1659,09:29:00,22,Female,39,Electronics,1,30,9,30
1941,06:14:00,48,Female,57,Clothing,2,25,12,50
136,08:59:00,25,Male,44,Electronics,2,300,141,600
175,10:02:00,23,Female,31,Electronics,4,25,12.5,100
663,06:32:00,133,Male,23,Clothing,4,300,87,1200
748,09:35:00,132,Male,25,Clothing,3,50,24,150
806,08:08:00,14,Female,35,Beauty,3,300,165,900
1136,08:41:00,93,Male,44,Electronics,2,300,81,600
1175,06:38:00,103,Female,31,Electronics,4,25,11.5,100
1663,07:04:00,33,Male,23,Clothing,4,300,81,1200
1748,10:24:00,119,Male,25,Clothing,3,50,15.5,150
1806,10:13:00,61,Female,35,Beauty,3,300,102,900
38,11:39:00,147,Male,38,Beauty,4,50,26,200
313,10:03:00,11,Female,55,Beauty,3,500,140,1500
402,08:45:00,63,Female,41,Clothing,2,300,135,600
459,07:12:00,122,Male,28,Clothing,4,300,75,1200
1038,09:09:00,11,Male,38,Beauty,4,50,20.5,200
1313,09:22:00,10,Female,55,Beauty,3,500,170,1500
1402,06:47:00,110,Female,41,Clothing,2,300,156,600
1459,06:46:00,13,Male,28,Clothing,4,300,144,1200
161,06:58:00,104,Male,64,Beauty,2,500,195,1000
328,06:56:00,9,Male,39,Beauty,2,50,27,100
383,08:53:00,64,Female,46,Beauty,3,30,7.8,90
973,08:44:00,51,Male,60,Clothing,1,50,13,50
978,09:58:00,16,Female,53,Clothing,3,50,19,150
1161,11:06:00,30,Male,64,Beauty,2,500,160,1000
1328,07:49:00,60,Male,39,Beauty,2,50,24.5,100
1383,09:13:00,68,Female,46,Beauty,3,30,14.1,90
1973,10:10:00,22,Male,60,Clothing,1,50,21.5,50
1978,11:59:00,41,Female,53,Clothing,3,50,15.5,150
33,07:40:00,33,Female,50,Electronics,2,50,21,100
138,10:56:00,127,Male,49,Clothing,4,50,26.5,200
471,10:21:00,136,Male,32,Clothing,3,50,13,150
636,06:15:00,60,Female,21,Beauty,3,500,230,1500
1033,06:52:00,32,Female,50,Electronics,2,50,19,100
1138,11:59:00,27,Male,49,Clothing,4,50,14.5,200
1471,10:34:00,30,Male,32,Clothing,3,50,13,150
1636,11:26:00,50,Female,21,Beauty,3,500,150,1500
177,08:40:00,30,Male,45,Beauty,2,50,26.5,100
426,08:11:00,137,Male,23,Electronics,3,50,12.5,150
1177,09:19:00,89,Male,45,Beauty,2,50,15,100
1426,11:32:00,114,Male,23,Electronics,3,50,25,150
76,07:33:00,70,Female,22,Electronics,2,50,14.5,100
91,06:31:00,152,Female,55,Electronics,1,500,235,500
461,10:33:00,21,Female,18,Beauty,2,500,265,1000
764,08:46:00,47,Female,40,Clothing,1,25,11.25,25
1076,11:09:00,99,Female,22,Electronics,2,50,15,100
1091,08:46:00,139,Female,55,Electronics,1,500,235,500
1461,08:43:00,63,Female,18,Beauty,2,500,180,1000
1764,11:04:00,13,Female,40,Clothing,1,25,11.75,25
202,06:24:00,61,Female,34,Clothing,4,300,120,1200
301,10:58:00,104,Male,30,Clothing,4,30,9.6,120
703,09:56:00,140,Male,34,Electronics,2,50,18.5,100
1202,06:56:00,89,Female,34,Clothing,4,300,144,1200
1301,09:58:00,70,Male,30,Clothing,4,30,10.5,120
1703,08:36:00,2,Male,34,Electronics,2,50,17,100
294,09:24:00,89,Female,23,Clothing,3,30,15.3,90
760,07:59:00,14,Male,27,Beauty,1,500,125,500
1294,11:24:00,8,Female,23,Clothing,3,30,10.5,90
1760,07:26:00,44,Male,27,Beauty,1,500,230,500
575,10:29:00,14,Male,60,Clothing,2,50,23,100
1575,11:54:00,26,Male,60,Clothing,2,50,22.5,100
88,08:31:00,122,Male,56,Clothing,1,500,185,500
1088,07:00:00,6,Male,56,Clothing,1,500,155,500
975,07:41:00,145,Female,56,Clothing,4,50,19.5,200
1975,10:48:00,63,Female,56,Clothing,4,50,25.5,200
553,06:17:00,106,Male,24,Clothing,4,300,81,1200
1553,08:46:00,42,Male,24,Clothing,4,300,99,1200
462,10:04:00,71,Male,63,Electronics,4,300,132,1200
614,06:28:00,61,Female,39,Beauty,4,300,120,1200
808,07:18:00,30,Male,33,Beauty,4,500,195,2000
1462,10:42:00,124,Male,63,Electronics,4,300,114,1200
1614,11:37:00,135,Female,39,Beauty,4,300,105,1200
1808,10:48:00,109,Male,33,Beauty,4,500,210,2000
166,11:42:00,32,Male,34,Clothing,4,500,225,2000
465,11:52:00,40,Female,43,Electronics,3,50,15.5,150
502,11:00:00,31,Male,43,Electronics,3,50,22.5,150
905,06:27:00,96,Male,58,Beauty,1,300,111,300
1166,07:45:00,65,Male,34,Clothing,4,500,245,2000
1465,09:36:00,131,Female,43,Electronics,3,50,26,150
1502,08:30:00,152,Male,43,Electronics,3,50,18,150
1905,06:07:00,26,Male,58,Beauty,1,300,102,300
280,09:35:00,76,Female,37,Clothing,3,500,240,1500
719,07:19:00,37,Female,42,Clothing,2,30,12,60
834,06:55:00,13,Female,56,Beauty,2,30,14.7,60
1280,09:15:00,116,Female,37,Clothing,3,500,255,1500
1719,07:29:00,4,Female,42,Clothing,2,30,10.8,60
1834,06:53:00,102,Female,56,Beauty,2,30,12.9,60
891,06:43:00,24,Male,41,Electronics,3,300,99,900
928,10:20:00,54,Female,35,Clothing,4,300,90,1200
1891,06:11:00,81,Male,41,Electronics,3,300,105,900
1928,06:39:00,93,Female,35,Clothing,4,300,75,1200
332,11:28:00,138,Male,58,Electronics,4,300,105,1200
1332,10:02:00,146,Male,58,Electronics,4,300,123,1200
255,11:44:00,19,Male,48,Clothing,1,30,14.7,30
275,11:34:00,2,Male,43,Clothing,2,500,260,1000
314,07:37:00,1,Male,52,Clothing,4,30,7.8,120
517,08:54:00,3,Female,47,Clothing,4,25,9.25,100
847,08:42:00,2,Female,18,Electronics,4,300,162,1200
1255,07:08:00,4,Male,48,Clothing,1,30,7.8,30
1275,08:48:00,5,Male,43,Clothing,2,500,250,1000
1314,10:26:00,2,Male,52,Clothing,4,30,16.2,120
1517,08:46:00,2,Female,47,Clothing,4,25,6.75,100
1847,07:14:00,5,Female,18,Electronics,4,300,123,1200
61,11:47:00,4,Male,21,Beauty,4,50,20,200
274,07:12:00,4,Female,23,Clothing,2,500,150,1000
486,09:47:00,4,Female,35,Electronics,1,25,6.5,25
548,07:00:00,4,Female,51,Clothing,2,30,15.6,60
886,11:25:00,4,Male,37,Electronics,3,300,165,900
892,11:39:00,1,Male,20,Electronics,1,50,24,50
1061,07:56:00,3,Male,21,Beauty,4,50,12.5,200
1274,09:01:00,2,Female,23,Clothing,2,500,185,1000
1486,08:58:00,4,Female,35,Electronics,1,25,8.75,25
1548,08:15:00,1,Female,51,Clothing,2,30,12.6,60
1886,11:51:00,1,Male,37,Electronics,3,300,147,900
1892,07:22:00,3,Male,20,Electronics,1,50,23.5,50
601,09:23:00,5,Male,19,Clothing,1,30,13.2,30
901,06:38:00,2,Male,31,Electronics,1,30,12,30
1601,11:48:00,1,Male,19,Clothing,1,30,13.5,30
1901,11:05:00,4,Male,31,Electronics,1,30,8.4,30
527,11:35:00,1,Male,57,Clothing,2,25,11.5,50
1527,08:30:00,1,Male,57,Clothing,2,25,11.75,50
23,07:05:00,4,Female,35,Clothing,4,30,14.7,120
174,06:07:00,2,Female,39,Beauty,1,300,126,300
589,07:11:00,5,Female,36,Beauty,2,500,145,1000
774,09:04:00,2,Female,40,Clothing,2,25,6.5,50
1000,10:22:00,1,Male,47,Electronics,4,30,8.4,120
1023,08:40:00,5,Female,35,Clothing,4,30,8.1,120
1174,06:55:00,2,Female,39,Beauty,1,300,132,300
1589,06:30:00,5,Female,36,Beauty,2,500,145,1000
1774,06:48:00,2,Female,40,Clothing,2,25,8,50
2000,06:38:00,4,Male,47,Electronics,4,30,10.8,120
210,08:50:00,2,Male,37,Electronics,4,50,19,200
478,11:13:00,3,Female,58,Clothing,2,30,8.1,60
745,07:30:00,3,Male,54,Beauty,2,50,17,100
1210,10:02:00,5,Male,37,Electronics,4,50,12.5,200
1478,09:18:00,1,Female,58,Clothing,2,30,13.5,60
1745,10:38:00,4,Male,54,Beauty,2,50,21,100
354,07:58:00,5,Female,49,Beauty,4,50,24.5,200
408,08:18:00,4,Female,64,Beauty,1,500,140,500
1354,09:34:00,5,Female,49,Beauty,4,50,26.5,200
1408,08:17:00,2,Female,64,Beauty,1,500,250,500
674,11:10:00,2,Female,38,Clothing,1,300,84,300
1674,09:21:00,1,Female,38,Clothing,1,300,123,300
967,10:13:00,4,Male,62,Beauty,1,25,13.25,25
1967,08:28:00,4,Male,62,Beauty,1,25,12.25,25
79,10:15:00,1,Male,34,Beauty,1,300,96,300
406,11:50:00,3,Female,22,Beauty,4,25,11,100
450,06:35:00,2,Female,59,Beauty,2,25,11,50
562,09:26:00,3,Male,54,Electronics,2,25,7.25,50
1079,06:45:00,1,Male,34,Beauty,1,300,117,300
1406,08:45:00,2,Female,22,Beauty,4,25,10,100
1450,08:52:00,1,Female,59,Beauty,2,25,10.25,50
1562,10:21:00,5,Male,54,Electronics,2,25,12.75,50
108,09:38:00,5,Female,27,Beauty,3,25,13.5,75
111,09:45:00,5,Female,34,Electronics,3,500,130,1500
207,08:34:00,3,Female,42,Beauty,2,25,10.25,50
724,06:56:00,3,Male,61,Clothing,3,50,20,150
836,06:32:00,2,Female,22,Clothing,1,50,27.5,50
969,11:47:00,2,Female,40,Clothing,3,300,84,900
1108,10:27:00,1,Female,27,Beauty,3,25,10,75
1111,21:34:00,2,Female,34,Electronics,3,500,185,1500
1207,21:48:00,3,Female,42,Beauty,2,25,10,50
1724,20:53:00,4,Male,61,Clothing,3,50,17,150
1836,17:19:00,3,Female,22,Clothing,1,50,23.5,50
1969,19:34:00,4,Female,40,Clothing,3,300,126,900
246,20:05:00,4,Female,48,Electronics,2,25,13.25,50
298,19:05:00,3,Male,27,Beauty,4,300,84,1200
374,17:45:00,4,Female,59,Beauty,3,25,7.75,75
572,18:33:00,5,Male,31,Clothing,4,500,185,2000
665,22:49:00,1,Male,57,Clothing,1,50,19,50
1246,22:54:00,3,Female,48,Electronics,2,25,11.5,50
1298,19:51:00,1,Male,27,Beauty,4,300,120,1200
1374,22:03:00,3,Female,59,Beauty,3,25,8.25,75
1572,22:20:00,1,Male,31,Clothing,4,500,175,2000
1665,19:38:00,4,Male,57,Clothing,1,50,14,50
39,22:44:00,5,Male,23,Clothing,4,30,8.7,120
893,18:52:00,1,Male,49,Electronics,1,50,17,50
1039,20:01:00,1,Male,23,Clothing,4,30,13.8,120
1893,17:04:00,3,Male,49,Electronics,1,50,22.5,50
17,21:08:00,3,Female,27,Clothing,4,25,13,100
316,17:25:00,3,Female,48,Clothing,2,25,13.75,50
755,20:07:00,1,Female,58,Clothing,3,25,6.75,75
1017,18:41:00,2,Female,27,Clothing,4,25,12,100
1316,17:11:00,1,Female,48,Clothing,2,25,11.75,50
1755,21:47:00,2,Female,58,Clothing,3,25,8,75
28,22:34:00,3,Female,43,Beauty,1,500,150,500
98,19:41:00,1,Female,55,Beauty,2,50,19.5,100
129,17:42:00,1,Female,21,Beauty,2,300,75,600
230,17:44:00,5,Male,54,Beauty,1,25,12.5,25
613,17:23:00,2,Female,52,Clothing,3,30,11.4,90
691,21:09:00,5,Female,51,Clothing,3,30,14.7,90
693,17:12:00,1,Male,41,Beauty,3,500,270,1500
1028,18:09:00,1,Female,43,Beauty,1,500,250,500
1098,22:34:00,3,Female,55,Beauty,2,50,19.5,100
1129,21:46:00,1,Female,21,Beauty,2,300,156,600
1230,21:24:00,1,Male,54,Beauty,1,25,13.25,25
1613,21:58:00,4,Female,52,Clothing,3,30,9.9,90
1691,20:01:00,1,Female,51,Clothing,3,30,13.5,90
1693,18:21:00,1,Male,41,Beauty,3,500,130,1500
477,17:24:00,3,Male,43,Clothing,4,30,16.2,120
863,22:40:00,4,Female,30,Electronics,2,25,11.25,50
1477,21:59:00,3,Male,43,Clothing,4,30,15.6,120
1863,22:33:00,4,Female,30,Electronics,2,25,10,50
6,22:16:00,2,Female,45,Beauty,1,30,15,30
483,17:25:00,2,Male,55,Clothing,1,30,8.4,30
738,18:24:00,5,Male,41,Clothing,2,50,26,100
1006,19:23:00,2,Female,45,Beauty,1,30,14.1,30
1483,19:53:00,1,Male,55,Clothing,1,30,8.7,30
1738,21:33:00,1,Male,41,Clothing,2,50,16,100
222,18:56:00,4,Male,51,Clothing,4,30,10.5,120
588,17:54:00,5,Male,38,Electronics,2,30,13.8,60
953,17:58:00,1,Male,45,Beauty,3,30,12.6,90
1222,18:15:00,3,Male,51,Clothing,4,30,11.1,120
1588,21:29:00,4,Male,38,Electronics,2,30,13.2,60
1953,17:34:00,3,Male,45,Beauty,3,30,10.2,90
66,22:49:00,3,Female,45,Electronics,1,30,9,30
482,18:57:00,3,Female,28,Clothing,4,300,141,1200
903,22:14:00,3,Female,51,Beauty,4,50,14,200
1066,18:11:00,4,Female,45,Electronics,1,30,8.4,30
1482,22:22:00,1,Female,28,Clothing,4,300,114,1200
1903,21:44:00,5,Female,51,Beauty,4,50,19,200
102,21:34:00,5,Female,47,Beauty,2,25,7.25,50
228,20:26:00,4,Female,59,Electronics,2,30,10.8,60
236,22:18:00,5,Female,54,Clothing,1,25,6.5,25
1102,18:04:00,5,Female,47,Beauty,2,25,6.5,50
1228,21:37:00,5,Female,59,Electronics,2,30,11.4,60
1236,18:19:00,4,Female,54,Clothing,1,25,8.75,25
660,18:46:00,2,Female,38,Beauty,2,500,270,1000
884,20:31:00,1,Female,26,Clothing,2,30,7.5,60
987,18:45:00,1,Female,30,Clothing,3,300,165,900
1660,20:27:00,2,Female,38,Beauty,2,500,160,1000
1884,21:45:00,2,Female,26,Clothing,2,30,11.4,60
1987,18:18:00,2,Female,30,Clothing,3,300,129,900
18,19:13:00,5,Female,47,Electronics,2,25,12.5,50
69,22:44:00,1,Female,56,Beauty,3,25,8.5,75
995,22:38:00,4,Female,41,Clothing,1,30,9.9,30
1018,19:13:00,4,Female,47,Electronics,2,25,13,50
1069,19:05:00,2,Female,56,Beauty,3,25,6.75,75
1995,22:18:00,5,Female,41,Clothing,1,30,14.7,30
337,17:56:00,1,Male,38,Clothing,1,500,275,500
585,21:49:00,3,Female,24,Clothing,1,25,13.75,25
652,17:05:00,4,Female,34,Beauty,2,50,20.5,100
1337,19:56:00,2,Male,38,Clothing,1,500,225,500
1585,20:00:00,2,Female,24,Clothing,1,25,7.25,25
1652,20:00:00,2,Female,34,Beauty,2,50,20.5,100
242,18:28:00,1,Male,21,Clothing,1,25,8,25
293,19:04:00,4,Male,50,Electronics,3,30,9.6,90
460,23:00:00,2,Male,40,Beauty,1,50,19,50
1242,18:32:00,5,Male,21,Clothing,1,25,11.25,25
1293,18:52:00,3,Male,50,Electronics,3,30,14.1,90
1460,19:42:00,4,Male,40,Beauty,1,50,22,50
188,18:50:00,3,Male,40,Clothing,3,25,8.5,75
357,18:57:00,4,Female,40,Electronics,3,25,7.5,75
646,21:02:00,3,Male,38,Clothing,3,30,13.5,90
749,20:33:00,2,Male,42,Beauty,1,30,8.4,30
974,18:39:00,3,Male,47,Beauty,1,30,11.7,30
1188,22:43:00,2,Male,40,Clothing,3,25,10.75,75
1357,19:14:00,3,Female,40,Electronics,3,25,11.5,75
1646,19:43:00,1,Male,38,Clothing,3,30,15.6,90
1749,19:55:00,2,Male,42,Beauty,1,30,9,30
1974,20:20:00,3,Male,47,Beauty,1,30,12.9,30
190,17:56:00,2,Female,60,Beauty,3,30,10.5,90
849,19:33:00,5,Male,32,Clothing,2,25,12.5,50
853,22:29:00,3,Male,21,Beauty,2,500,155,1000
1190,21:00:00,4,Female,60,Beauty,3,30,10.8,90
1849,22:42:00,1,Male,32,Clothing,2,25,12,50
1853,18:39:00,2,Male,21,Beauty,2,500,190,1000
252,17:37:00,1,Male,54,Electronics,1,300,84,300
606,20:19:00,2,Male,22,Electronics,1,50,19.5,50
779,19:19:00,3,Female,56,Electronics,2,500,155,1000
824,19:10:00,3,Male,63,Clothing,4,30,9.3,120
866,18:16:00,4,Male,24,Electronics,1,50,22.5,50
1252,20:18:00,5,Male,54,Electronics,1,300,117,300
1606,19:52:00,2,Male,22,Electronics,1,50,26.5,50
1779,19:45:00,3,Female,56,Electronics,2,500,190,1000
1824,20:19:00,4,Male,63,Clothing,4,30,12.6,120
1866,22:38:00,5,Male,24,Electronics,1,50,20,50
5,22:10:00,3,Male,30,Beauty,2,50,24,100
90,17:53:00,3,Female,51,Electronics,1,30,13.5,30
380,22:26:00,2,Male,56,Electronics,2,300,102,600
593,22:05:00,2,Male,35,Electronics,2,30,13.2,60
820,22:49:00,1,Male,49,Electronics,4,50,24,200
1005,20:38:00,2,Male,30,Beauty,2,50,17.5,100
1090,19:54:00,4,Female,51,Electronics,1,30,7.5,30
1380,19:45:00,3,Male,56,Electronics,2,300,159,600
1593,22:39:00,5,Male,35,Electronics,2,30,14.4,60
1820,21:31:00,1,Male,49,Electronics,4,50,22,200
120,19:35:00,4,Male,60,Beauty,1,50,12.5,50
221,21:01:00,3,Male,39,Beauty,2,300,111,600
341,17:06:00,5,Male,31,Clothing,4,50,18.5,200
640,20:05:00,3,Female,51,Electronics,4,30,12.6,120
744,18:02:00,1,Male,40,Electronics,1,25,6.5,25
1120,19:32:00,4,Male,60,Beauty,1,50,26.5,50
1221,22:57:00,5,Male,39,Beauty,2,300,114,600
1341,22:10:00,1,Male,31,Clothing,4,50,21,200
1640,19:44:00,5,Female,51,Electronics,4,30,14.1,120
1744,21:49:00,4,Male,40,Electronics,1,25,8.75,25
273,20:24:00,1,Female,22,Beauty,1,50,14.5,50
283,20:08:00,3,Female,18,Electronics,1,500,165,500
452,22:41:00,4,Female,48,Clothing,3,500,240,1500
469,19:24:00,4,Male,18,Beauty,3,25,8.75,75
620,20:59:00,4,Male,63,Electronics,3,25,7,75
946,20:15:00,2,Male,62,Electronics,4,500,235,2000
1273,20:39:00,1,Female,22,Beauty,1,50,25.5,50
1283,20:15:00,1,Female,18,Electronics,1,500,130,500
1452,17:41:00,3,Female,48,Clothing,3,500,185,1500
1469,17:22:00,3,Male,18,Beauty,3,25,12.5,75
1620,22:48:00,5,Male,63,Electronics,3,25,7.75,75
1946,20:48:00,5,Male,62,Electronics,4,500,165,2000
148,20:39:00,5,Male,18,Clothing,2,30,9.9,60
414,19:40:00,1,Male,48,Beauty,4,25,9.75,100
883,20:43:00,5,Male,40,Electronics,1,500,245,500
1148,22:04:00,2,Male,18,Clothing,2,30,10.8,60
1414,21:28:00,4,Male,48,Beauty,4,25,11.25,100
1883,17:54:00,3,Male,40,Electronics,1,500,200,500
731,18:49:00,1,Male,54,Clothing,4,500,165,2000
930,17:54:00,1,Male,54,Clothing,4,50,26,200
1731,17:41:00,3,Male,54,Clothing,4,500,195,2000
1930,19:58:00,5,Male,54,Clothing,4,50,13,200
518,17:01:00,2,Female,40,Clothing,1,30,16.2,30
1518,20:03:00,3,Female,40,Clothing,1,30,12.6,30
758,18:30:00,1,Male,64,Clothing,4,25,6.75,100
1758,18:19:00,3,Male,64,Clothing,4,25,7.5,100
639,19:47:00,4,Female,62,Beauty,4,50,26.5,200
838,21:20:00,1,Male,47,Electronics,2,300,153,600
1639,18:13:00,5,Female,62,Beauty,4,50,24,200
1838,17:06:00,4,Male,47,Electronics,2,300,102,600
353,21:35:00,5,Male,31,Electronics,1,500,270,500
501,20:21:00,2,Male,39,Electronics,2,30,9,60
721,17:10:00,5,Female,52,Clothing,1,500,145,500
1353,21:59:00,3,Male,31,Electronics,1,500,235,500
1501,18:00:00,1,Male,39,Electronics,2,30,13.5,60
1721,22:42:00,3,Female,52,Clothing,1,500,215,500
123,19:00:00,3,Female,40,Electronics,2,30,11.7,60
164,18:26:00,3,Female,47,Beauty,3,500,185,1500
425,18:28:00,2,Female,55,Electronics,4,30,15.6,120
1123,21:04:00,1,Female,40,Electronics,2,30,10.8,60
1164,20:53:00,1,Female,47,Beauty,3,500,245,1500
1425,22:15:00,1,Female,55,Electronics,4,30,10.2,120
48,17:34:00,2,Male,54,Electronics,3,300,123,900
118,20:07:00,3,Female,30,Electronics,4,500,270,2000
203,21:33:00,4,Male,56,Clothing,2,500,175,1000
305,22:09:00,4,Female,18,Beauty,1,30,14.4,30
358,18:32:00,4,Female,32,Beauty,1,300,132,300
376,18:21:00,4,Female,64,Beauty,1,30,12,30
398,21:17:00,5,Female,48,Clothing,2,300,114,600
411,20:04:00,3,Male,62,Electronics,4,50,24.5,200
504,18:07:00,4,Female,38,Beauty,3,50,22,150
970,18:13:00,2,Male,59,Electronics,4,500,220,2000
996,17:38:00,2,Male,62,Clothing,1,50,13.5,50
1048,19:14:00,3,Male,54,Electronics,3,300,93,900
1118,17:24:00,1,Female,30,Electronics,4,500,170,2000
1203,18:36:00,2,Male,56,Clothing,2,500,145,1000
1305,18:24:00,5,Female,18,Beauty,1,30,7.8,30
1358,21:40:00,5,Female,32,Beauty,1,300,156,300
1376,19:49:00,3,Female,64,Beauty,1,30,9.9,30
1398,17:20:00,1,Female,48,Clothing,2,300,120,600
1411,20:27:00,1,Male,62,Electronics,4,50,26,200
1504,17:01:00,4,Female,38,Beauty,3,50,25.5,150
1970,17:44:00,5,Male,59,Electronics,4,500,230,2000
1996,18:49:00,2,Male,62,Clothing,1,50,25,50
81,22:48:00,4,Male,40,Electronics,1,50,14.5,50
155,18:05:00,3,Male,31,Electronics,4,500,150,2000
470,18:58:00,4,Female,57,Clothing,2,500,165,1000
1081,22:23:00,5,Male,40,Electronics,1,50,17,50
1155,18:22:00,3,Male,31,Electronics,4,500,255,2000
1470,19:47:00,1,Female,57,Clothing,2,500,165,1000
106,18:58:00,1,Female,46,Clothing,1,50,15,50
818,18:56:00,4,Male,30,Electronics,1,500,265,500
1106,17:50:00,3,Female,46,Clothing,1,50,14,50
1818,17:29:00,4,Male,30,Electronics,1,500,150,500
94,22:39:00,5,Female,47,Beauty,2,500,250,1000
811,18:34:00,2,Male,61,Beauty,2,25,6.75,50
881,20:52:00,4,Male,22,Electronics,1,300,99,300
1094,20:34:00,1,Female,47,Beauty,2,500,210,1000
1811,21:58:00,5,Male,61,Beauty,2,25,8.5,50
1881,17:23:00,5,Male,22,Electronics,1,300,147,300
403,19:31:00,5,Male,32,Clothing,2,300,78,600
653,22:53:00,3,Male,54,Clothing,3,25,9.25,75
694,17:47:00,3,Female,39,Electronics,2,25,10,50
1403,18:20:00,4,Male,32,Clothing,2,300,162,600
1653,19:34:00,2,Male,54,Clothing,3,25,12.75,75
1694,19:22:00,4,Female,39,Electronics,2,25,9.75,50
4,18:12:00,3,Male,37,Clothing,1,500,200,500
647,19:53:00,5,Male,59,Clothing,3,500,190,1500
911,17:29:00,3,Male,42,Electronics,3,300,84,900
1004,21:46:00,2,Male,37,Clothing,1,500,230,500
1647,20:26:00,5,Male,59,Clothing,3,500,240,1500
1911,18:33:00,4,Male,42,Electronics,3,300,75,900
419,19:18:00,5,Female,44,Clothing,3,30,11.7,90
642,21:40:00,1,Female,54,Clothing,4,25,12,100
843,22:46:00,3,Male,21,Beauty,3,500,180,1500
895,21:51:00,3,Female,55,Clothing,4,30,14.4,120
1419,18:42:00,3,Female,44,Clothing,3,30,9.3,90
1642,18:30:00,4,Female,54,Clothing,4,25,11.5,100
1843,18:58:00,1,Male,21,Beauty,3,500,240,1500
1895,20:59:00,4,Female,55,Clothing,4,30,15.3,120
31,17:47:00,3,Male,44,Electronics,4,300,129,1200
37,22:42:00,2,Female,18,Beauty,3,25,8.75,75
72,19:19:00,5,Female,20,Electronics,4,500,195,2000
243,18:02:00,5,Female,47,Electronics,3,300,156,900
281,20:09:00,4,Female,29,Beauty,4,500,275,2000
489,22:01:00,1,Male,44,Electronics,1,30,14.4,30
491,21:11:00,4,Female,60,Electronics,3,300,78,900
729,22:29:00,3,Male,29,Clothing,4,300,84,1200
822,17:39:00,3,Female,52,Beauty,3,50,13.5,150
1031,21:15:00,3,Male,44,Electronics,4,300,126,1200
1037,17:38:00,2,Female,18,Beauty,3,25,11.5,75
1072,18:10:00,4,Female,20,Electronics,4,500,180,2000
1243,17:11:00,4,Female,47,Electronics,3,300,138,900
1281,19:34:00,4,Female,29,Beauty,4,500,165,2000
1489,18:30:00,2,Male,44,Electronics,1,30,10.5,30
1491,22:14:00,107,Female,60,Electronics,3,300,129,900
1729,18:55:00,82,Male,29,Clothing,4,300,81,1200
1822,17:15:00,15,Female,52,Beauty,3,50,21,150
840,18:59:00,60,Male,62,Clothing,2,25,11.75,50
1840,20:22:00,138,Male,62,Clothing,2,25,11,50
404,19:55:00,59,Male,46,Electronics,2,500,160,1000
899,21:34:00,147,Male,26,Clothing,2,300,153,600
990,21:45:00,68,Female,58,Beauty,2,500,235,1000
1404,18:15:00,155,Male,46,Electronics,2,500,185,1000
1899,21:03:00,51,Male,26,Clothing,2,300,99,600
1990,17:02:00,48,Female,58,Beauty,2,500,155,1000
382,21:20:00,29,Female,53,Clothing,2,500,245,1000
578,22:42:00,68,Female,54,Clothing,4,30,9.3,120
923,17:20:00,62,Male,32,Beauty,3,300,165,900
1382,18:13:00,139,Female,53,Clothing,2,500,185,1000
1578,18:43:00,66,Female,54,Clothing,4,30,12,120
1923,17:38:00,74,Male,32,Beauty,3,300,159,900
307,22:54:00,32,Female,26,Electronics,2,25,8.5,50
561,17:04:00,34,Female,64,Clothing,4,500,250,2000
651,21:02:00,30,Male,51,Clothing,3,50,26,150
1307,22:11:00,68,Female,26,Electronics,2,25,11.75,50
1561,19:38:00,16,Female,64,Clothing,4,500,170,2000
1651,21:29:00,155,Male,51,Clothing,3,50,23.5,150
988,18:41:00,85,Female,63,Clothing,3,25,8,75
1988,18:47:00,144,Female,63,Clothing,3,25,7.25,75
67,20:19:00,119,Female,48,Beauty,4,300,129,1200
1067,17:01:00,105,Female,48,Beauty,4,300,129,1200
915,19:06:00,95,Female,26,Beauty,3,30,12.9,90
985,22:33:00,113,Female,19,Electronics,2,25,9,50
1915,22:50:00,53,Female,26,Beauty,3,30,9.3,90
1985,20:15:00,113,Female,19,Electronics,2,25,9.75,50
56,19:37:00,97,Female,26,Clothing,3,300,120,900
159,21:30:00,42,Male,26,Clothing,4,50,23.5,200
862,21:37:00,29,Male,28,Electronics,4,300,78,1200
1056,19:46:00,54,Female,26,Clothing,3,300,114,900
1159,18:08:00,41,Male,26,Clothing,4,50,18,200
1862,22:50:00,64,Male,28,Electronics,4,300,165,1200
315,18:53:00,122,Male,47,Clothing,2,30,15,60
545,17:18:00,61,Male,27,Clothing,2,25,8.25,50
902,17:16:00,108,Female,54,Beauty,1,50,21.5,50
1315,20:52:00,14,Male,47,Clothing,2,30,12.9,60
1545,18:21:00,16,Male,27,Clothing,2,25,8.25,50
1902,17:12:00,97,Female,54,Beauty,1,50,14,50
170,20:46:00,125,Female,25,Clothing,2,25,12.5,50
685,22:15:00,90,Male,57,Electronics,2,25,7.75,50
958,21:14:00,116,Male,62,Electronics,2,25,11,50
1170,17:13:00,96,Female,25,Clothing,2,25,8,50
1685,20:32:00,76,Male,57,Electronics,2,25,8.75,50
1958,19:19:00,125,Male,62,Electronics,2,25,11.75,50
363,22:51:00,92,Male,64,Beauty,1,25,13.5,25
394,19:27:00,105,Female,27,Clothing,1,500,165,500
537,18:07:00,98,Female,21,Beauty,1,500,275,500
1363,20:27:00,33,Male,64,Beauty,1,25,7.75,25
1394,20:06:00,14,Female,27,Clothing,1,500,250,500
1537,17:57:00,116,Female,21,Beauty,1,500,140,500
387,21:58:00,118,Male,44,Beauty,1,30,9,30
556,17:37:00,42,Female,18,Electronics,1,50,12.5,50
782,21:51:00,71,Male,59,Clothing,3,300,150,900
906,17:55:00,6,Female,20,Clothing,1,50,17,50
1387,17:48:00,37,Male,44,Beauty,1,30,15.6,30
1556,19:13:00,35,Female,18,Electronics,1,50,22.5,50
1782,20:23:00,116,Male,59,Clothing,3,300,141,900
1906,20:10:00,58,Female,20,Clothing,1,50,26.5,50
560,22:51:00,7,Female,25,Electronics,1,50,19,50
944,20:22:00,136,Male,44,Clothing,2,25,12,50
1560,17:16:00,91,Female,25,Electronics,1,50,18.5,50
1944,21:08:00,63,Male,44,Clothing,2,25,6.5,50
481,17:12:00,48,Female,43,Electronics,4,300,114,1200
867,22:40:00,152,Male,21,Electronics,1,500,185,500
882,21:41:00,144,Female,64,Electronics,2,25,13.25,50
961,22:36:00,86,Male,53,Beauty,4,50,23,200
1481,17:22:00,20,Female,43,Electronics,4,300,114,1200
1867,19:55:00,144,Male,21,Electronics,1,500,190,500
1882,20:56:00,15,Female,64,Electronics,2,25,9,50
1961,21:17:00,95,Male,53,Beauty,4,50,20.5,200
187,20:19:00,88,Female,64,Clothing,2,50,21,100
446,19:57:00,104,Male,21,Electronics,1,50,13,50
1187,17:05:00,52,Female,64,Clothing,2,50,12.5,100
1446,18:55:00,155,Male,21,Electronics,1,50,23.5,50
539,18:13:00,135,Male,25,Beauty,1,500,205,500
587,19:00:00,91,Female,40,Beauty,4,300,99,1200
1539,21:52:00,96,Male,25,Beauty,1,500,170,500
1587,20:06:00,140,Female,40,Beauty,4,300,105,1200
212,18:13:00,105,Male,21,Clothing,3,500,215,1500
765,19:03:00,77,Male,43,Clothing,4,50,12.5,200
769,18:57:00,18,Female,31,Electronics,4,30,10.2,120
1212,18:05:00,142,Male,21,Clothing,3,500,265,1500
1765,22:49:00,13,Male,43,Clothing,4,50,16,200
1769,22:50:00,116,Female,31,Electronics,4,30,9.3,120
321,19:53:00,30,Female,26,Electronics,2,25,9.5,50
356,18:35:00,71,Male,50,Electronics,3,500,255,1500
510,17:04:00,14,Female,39,Beauty,4,50,13,200
534,22:30:00,112,Male,45,Clothing,2,500,140,1000
1321,22:54:00,155,Female,26,Electronics,2,25,10.5,50
1356,21:31:00,11,Male,50,Electronics,3,500,245,1500
1510,18:21:00,124,Female,39,Beauty,4,50,19,200
1534,19:44:00,72,Male,45,Clothing,2,500,270,1000
104,22:58:00,129,Female,34,Beauty,2,500,190,1000
110,17:28:00,149,Male,27,Clothing,3,300,99,900
352,17:55:00,54,Male,57,Electronics,2,500,175,1000
365,22:12:00,151,Male,31,Clothing,1,300,93,300
887,19:20:00,44,Male,59,Clothing,4,25,10,100
1104,20:13:00,70,Female,34,Beauty,2,500,150,1000
1110,19:14:00,62,Male,27,Clothing,3,300,114,900
1352,17:40:00,14,Male,57,Electronics,2,500,260,1000
1365,20:22:00,18,Male,31,Clothing,1,300,156,300
1887,19:34:00,113,Male,59,Clothing,4,25,10,100
629,19:55:00,39,Male,62,Electronics,2,25,8,50
1629,20:18:00,144,Male,62,Electronics,2,25,10.75,50
655,18:43:00,19,Female,55,Clothing,1,500,210,500
1655,17:57:00,8,Female,55,Clothing,1,500,125,500
567,19:53:00,5,Female,25,Clothing,3,300,144,900
1567,17:10:00,76,Female,25,Clothing,3,300,162,900
182,19:27:00,27,Male,62,Beauty,4,30,10.2,120
819,21:59:00,111,Female,35,Beauty,2,50,26,100
1182,21:26:00,14,Male,62,Beauty,4,30,12.9,120
1819,20:44:00,83,Female,35,Beauty,2,50,13.5,100
100,19:34:00,21,Male,41,Electronics,1,30,9.3,30
833,18:39:00,85,Male,42,Beauty,4,50,24.5,200
1100,18:15:00,136,Male,41,Electronics,1,30,13.2,30
1833,17:20:00,56,Male,42,Beauty,4,50,18,200
542,18:41:00,50,Female,20,Beauty,1,50,24,50
723,21:57:00,120,Female,54,Beauty,4,50,20.5,200
726,19:37:00,72,Male,47,Clothing,4,300,126,1200
1542,20:30:00,147,Female,20,Beauty,1,50,14.5,50
1723,17:43:00,40,Female,54,Beauty,4,50,18,200
1726,18:12:00,13,Male,47,Clothing,4,300,93,1200
488,17:28:00,26,Female,51,Electronics,3,300,123,900
1488,19:24:00,9,Female,51,Electronics,3,300,126,900
239,19:34:00,1,Male,38,Electronics,3,500,165,1500
498,22:20:00,41,Female,50,Clothing,4,25,8.25,100
532,18:04:00,92,Female,64,Clothing,4,30,12.9,120
669,20:24:00,110,Male,24,Beauty,4,300,87,1200
877,19:52:00,134,Female,58,Clothing,1,25,6.75,25
1239,20:42:00,134,Male,38,Electronics,3,500,255,1500
1498,17:08:00,51,Female,50,Clothing,4,25,12.5,100
1532,22:48:00,51,Female,64,Clothing,4,30,15.6,120
1669,22:28:00,83,Male,24,Beauty,4,300,123,1200
1877,20:19:00,72,Female,58,Clothing,1,25,10.5,25
422,22:34:00,67,Female,28,Clothing,3,30,13.2,90
466,21:52:00,66,Male,63,Electronics,4,25,13.75,100
1422,20:41:00,35,Female,28,Clothing,3,30,13.5,90
1466,22:27:00,64,Male,63,Electronics,4,25,10.75,100
583,19:44:00,131,Female,24,Electronics,4,25,7.75,100
654,17:40:00,92,Male,42,Clothing,3,25,9.25,75
1583,22:54:00,102,Female,24,Electronics,4,25,13,100
1654,20:47:00,111,Male,42,Clothing,3,25,6.25,75
40,21:33:00,78,Male,45,Beauty,1,50,24.5,50
699,22:21:00,129,Female,37,Clothing,4,30,16.2,120
727,18:37:00,32,Male,55,Beauty,3,300,105,900
830,20:19:00,77,Female,64,Clothing,3,50,18.5,150
1040,21:24:00,112,Male,45,Beauty,1,50,21,50
1699,21:45:00,23,Female,37,Clothing,4,30,12.9,120
1727,21:06:00,72,Male,55,Beauty,3,300,75,900
1830,18:04:00,87,Female,64,Clothing,3,50,21,150
224,21:32:00,99,Female,25,Clothing,1,50,24,50
271,18:23:00,44,Female,62,Beauty,4,30,9.3,120
1224,17:10:00,103,Female,25,Clothing,1,50,20,50
1271,19:31:00,27,Female,62,Beauty,4,30,9,120
36,22:06:00,40,Male,52,Beauty,3,300,144,900
157,21:59:00,98,Male,62,Electronics,4,500,170,2000
796,19:50:00,38,Male,43,Beauty,4,30,7.8,120
839,21:02:00,130,Female,20,Electronics,4,300,96,1200
927,17:13:00,83,Male,43,Electronics,4,500,250,2000
1036,18:03:00,121,Male,52,Beauty,3,300,117,900
1157,21:24:00,81,Male,62,Electronics,4,500,270,2000
1796,18:36:00,69,Male,43,Beauty,4,30,11.1,120
1839,21:57:00,92,Female,20,Electronics,4,300,156,1200
1927,19:44:00,46,Male,43,Electronics,4,500,180,2000
407,22:17:00,117,Female,46,Electronics,3,300,138,900
1407,19:41:00,54,Female,46,Electronics,3,300,120,900
46,17:50:00,54,Female,20,Electronics,4,300,84,1200
509,19:35:00,70,Female,37,Electronics,3,300,141,900
874,18:14:00,90,Male,60,Beauty,1,30,12.6,30
1046,21:47:00,5,Female,20,Electronics,4,300,156,1200
1509,20:40:00,67,Female,37,Electronics,3,300,129,900
1874,20:58:00,126,Male,60,Beauty,1,30,12.6,30
788,18:54:00,90,Female,52,Beauty,3,300,105,900
1788,20:35:00,98,Female,52,Beauty,3,300,150,900
378,18:16:00,81,Male,50,Beauty,1,300,165,300
1378,21:56:00,27,Male,50,Beauty,1,300,132,300
480,22:12:00,126,Female,42,Beauty,4,500,225,2000
492,17:52:00,4,Male,61,Beauty,4,25,6.5,100
737,21:11:00,26,Female,33,Clothing,1,50,14,50
1480,18:05:00,3,Female,42,Beauty,4,500,165,2000
1492,22:09:00,146,Male,61,Beauty,4,25,10,100
1737,22:32:00,40,Female,33,Clothing,1,50,14,50
684,18:02:00,54,Female,28,Clothing,2,500,225,1000
878,18:53:00,31,Female,20,Clothing,1,30,11.7,30
1684,21:40:00,43,Female,28,Clothing,2,500,200,1000
1878,22:56:00,97,Female,20,Clothing,1,30,7.5,30
78,21:08:00,68,Female,47,Clothing,3,500,265,1500
260,21:09:00,107,Male,28,Beauty,2,30,10.5,60
455,19:15:00,134,Male,31,Electronics,4,25,13.25,100
837,20:35:00,53,Male,18,Beauty,3,30,7.5,90
1078,22:20:00,16,Female,47,Clothing,3,500,125,1500
1260,17:26:00,117,Male,28,Beauty,2,30,13.5,60
1455,21:35:00,32,Male,31,Electronics,4,25,13.75,100
1837,20:45:00,32,Male,18,Beauty,3,30,8.1,90
45,18:27:00,121,Female,55,Electronics,1,30,10.5,30
449,18:28:00,58,Male,25,Electronics,4,50,26.5,200
1045,17:28:00,110,Female,55,Electronics,1,30,9.9,30
1449,18:42:00,12,Male,25,Electronics,4,50,23.5,200
904,20:26:00,43,Male,28,Clothing,1,500,160,500
1904,19:41:00,117,Male,28,Clothing,1,500,220,500
59,18:28:00,61,Male,62,Clothing,1,50,27,50
128,22:22:00,77,Male,25,Beauty,1,500,180,500
186,18:15:00,92,Male,20,Clothing,4,50,23.5,200
802,18:00:00,57,Female,46,Beauty,1,30,9.9,30
1059,22:05:00,89,Male,62,Clothing,1,50,12.5,50
1128,17:35:00,60,Male,25,Beauty,1,500,135,500
1186,18:24:00,5,Male,20,Clothing,4,50,18.5,200
1802,22:17:00,33,Female,46,Beauty,1,30,9.6,30
75,20:51:00,110,Male,61,Beauty,4,50,13.5,200
447,17:57:00,37,Male,22,Beauty,4,500,245,2000
528,21:51:00,102,Female,36,Clothing,2,30,9.6,60
1075,19:17:00,92,Male,61,Beauty,4,50,21.5,200
1447,22:21:00,137,Male,22,Beauty,4,500,155,2000
1528,19:44:00,126,Female,36,Clothing,2,30,12.3,60
759,21:21:00,75,Male,49,Electronics,2,50,21.5,100
870,19:41:00,16,Female,46,Electronics,4,30,11.1,120
1759,17:27:00,102,Male,49,Electronics,2,50,23,100
1870,20:38:00,119,Female,46,Electronics,4,30,10.5,120
77,20:45:00,44,Female,47,Clothing,2,50,24,100
381,19:05:00,63,Female,44,Clothing,4,25,12.25,100
439,21:46:00,42,Male,50,Clothing,3,25,11.75,75
792,22:50:00,4,Female,20,Beauty,1,50,26.5,50
1077,18:45:00,141,Female,47,Clothing,2,50,15,100
1381,17:26:00,48,Female,44,Clothing,4,25,7.75,100
1439,20:53:00,76,Male,50,Clothing,3,25,7.25,75
1792,17:37:00,88,Female,20,Beauty,1,50,26.5,50
176,18:15:00,53,Female,43,Beauty,2,50,25.5,100
216,17:28:00,141,Male,62,Electronics,2,50,26.5,100
1176,20:33:00,34,Female,43,Beauty,2,50,21,100
1216,22:53:00,23,Male,62,Electronics,2,50,13,100
772,21:47:00,25,Male,26,Electronics,1,30,16.2,30
1772,19:06:00,59,Male,26,Electronics,1,30,13.2,30
53,17:57:00,32,Male,34,Electronics,2,50,22,100
1053,21:13:00,40,Male,34,Electronics,2,50,20.5,100
43,21:42:00,118,Female,48,Clothing,1,300,111,300
71,19:11:00,32,Female,51,Beauty,4,25,11.5,100
93,20:52:00,148,Female,35,Beauty,4,500,140,2000
302,17:51:00,26,Male,57,Beauty,2,300,135,600
551,22:45:00,99,Male,45,Electronics,3,300,141,900
681,22:12:00,24,Female,43,Electronics,2,30,8.4,60
722,18:35:00,25,Male,20,Beauty,3,300,162,900
728,19:35:00,78,Male,51,Electronics,3,50,18,150
829,21:31:00,52,Male,61,Beauty,3,30,9.6,90
955,17:57:00,16,Male,58,Clothing,1,25,12.5,25
1043,18:10:00,20,Female,48,Clothing,1,300,87,300
1071,17:38:00,155,Female,51,Beauty,4,25,6.75,100
1093,17:26:00,87,Female,35,Beauty,4,500,270,2000
1302,17:55:00,20,Male,57,Beauty,2,300,102,600
1551,22:36:00,84,Male,45,Electronics,3,300,81,900
1681,19:32:00,53,Female,43,Electronics,2,30,11.1,60
1722,20:38:00,22,Male,20,Beauty,3,300,159,900
1728,22:30:00,77,Male,51,Electronics,3,50,25,150
1829,22:37:00,58,Male,61,Beauty,3,30,12,90
1955,21:11:00,134,Male,58,Clothing,1,25,6.5,25
144,22:18:00,119,Female,59,Beauty,3,500,255,1500
474,17:57:00,145,Female,26,Clothing,3,500,210,1500
1144,21:27:00,148,Female,59,Beauty,3,500,125,1500
1474,20:49:00,84,Female,26,Clothing,3,500,255,1500
603,20:17:00,95,Female,40,Clothing,3,30,14.1,90
661,22:09:00,10,Female,44,Clothing,4,25,7,100
1603,20:50:00,132,Female,40,Clothing,3,30,13.2,90
1661,19:18:00,20,Female,44,Clothing,4,25,6.25,100
143,22:20:00,118,Female,45,Clothing,1,50,27.5,50
515,20:47:00,71,Female,49,Clothing,3,300,75,900
1143,21:10:00,23,Female,45,Clothing,1,50,15,50
1515,21:49:00,107,Female,49,Clothing,3,300,135,900
304,18:35:00,59,Female,37,Electronics,2,30,15.6,60
676,22:13:00,80,Male,63,Electronics,3,500,205,1500
686,17:14:00,68,Female,28,Electronics,4,50,23.5,200
698,20:56:00,116,Female,64,Electronics,1,300,123,300
1304,22:19:00,4,Female,37,Electronics,2,30,9.3,60
1676,20:22:00,91,Male,63,Electronics,3,500,210,1500
1686,20:41:00,151,Female,28,Electronics,4,50,26,200
1698,21:50:00,146,Female,64,Electronics,1,300,105,300
709,22:32:00,61,Female,19,Electronics,2,500,140,1000
1709,20:22:00,97,Female,19,Electronics,2,500,185,1000
114,20:57:00,92,Female,22,Beauty,4,25,9.25,100
359,21:49:00,122,Male,50,Clothing,1,50,22.5,50
1114,22:19:00,100,Female,22,Beauty,4,25,12,100
1359,22:21:00,55,Male,50,Clothing,1,50,19,50
773,19:10:00,3,Male,25,Electronics,4,500,175,2000
1773,18:50:00,80,Male,25,Electronics,4,500,165,2000
127,19:37:00,40,Female,33,Clothing,2,25,7.5,50
213,20:48:00,113,Male,27,Beauty,3,500,275,1500
487,21:03:00,36,Male,44,Clothing,4,500,235,2000
495,21:06:00,131,Male,24,Beauty,2,30,11.7,60
605,22:24:00,76,Male,37,Electronics,2,500,180,1000
1127,19:26:00,87,Female,33,Clothing,2,25,13,50
1213,17:23:00,41,Male,27,Beauty,3,500,185,1500
1487,19:01:00,131,Male,44,Clothing,4,500,140,2000
1495,22:37:00,113,Male,24,Beauty,2,30,16.2,60
1605,19:39:00,2,Male,37,Electronics,2,500,165,1000
105,18:05:00,82,Female,22,Electronics,1,500,230,500
299,20:03:00,76,Male,61,Electronics,2,500,230,1000
934,18:20:00,111,Male,30,Beauty,1,500,240,500
1105,19:09:00,19,Female,22,Electronics,1,500,270,500
1299,18:58:00,11,Male,61,Electronics,2,500,250,1000
1934,17:06:00,69,Male,30,Beauty,1,500,150,500
270,17:46:00,84,Male,43,Electronics,1,300,117,300
338,21:26:00,44,Male,54,Beauty,2,50,20,100
543,20:30:00,121,Male,49,Beauty,2,300,75,600
1270,22:54:00,84,Male,43,Electronics,1,300,108,300
1338,19:55:00,31,Male,54,Beauty,2,50,19,100
1543,22:40:00,73,Male,49,Beauty,2,300,123,600
557,20:01:00,155,Female,20,Beauty,3,30,12.9,90
702,17:18:00,66,Female,60,Clothing,2,300,78,600
864,22:16:00,139,Female,51,Electronics,1,500,215,500
1557,17:01:00,14,Female,20,Beauty,3,30,10.2,90
1702,21:54:00,102,Female,60,Clothing,2,300,87,600
1864,21:00:00,112,Female,51,Electronics,1,500,190,500
254,22:45:00,104,Male,41,Electronics,1,500,165,500
295,20:23:00,80,Female,27,Beauty,3,300,105,900
457,22:49:00,38,Female,58,Beauty,3,300,147,900
668,20:33:00,135,Female,62,Electronics,3,50,24.5,150
850,19:01:00,58,Female,26,Beauty,2,500,235,1000
1254,18:24:00,86,Male,41,Electronics,1,500,180,500
1295,19:28:00,86,Female,27,Beauty,3,300,81,900
1457,21:31:00,140,Female,58,Beauty,3,300,108,900
1668,21:40:00,132,Female,62,Electronics,3,50,14,150
1850,20:44:00,154,Female,26,Beauty,2,500,240,1000
541,18:37:00,39,Male,56,Beauty,1,500,215,500
980,19:51:00,147,Female,31,Electronics,3,25,12.5,75
1541,22:17:00,57,Male,56,Beauty,1,500,195,500
1980,20:30:00,112,Female,31,Electronics,3,25,6.5,75
262,20:33:00,30,Female,32,Beauty,4,30,12.6,120
467,22:39:00,151,Female,53,Electronics,3,50,14.5,150
1262,20:33:00,127,Female,32,Beauty,4,30,8.4,120
1467,19:31:00,89,Female,53,Electronics,3,50,14,150
463,20:22:00,55,Female,54,Beauty,3,500,175,1500
1463,19:45:00,98,Female,54,Beauty,3,500,170,1500
598,17:02:00,7,Male,37,Beauty,4,30,11.1,120
667,18:46:00,22,Female,29,Electronics,1,500,190,500
672,19:44:00,1,Female,34,Beauty,2,50,27.5,100
1598,19:17:00,126,Male,37,Beauty,4,30,9.9,120
1667,19:09:00,40,Female,29,Electronics,1,500,125,500
1672,22:34:00,87,Female,34,Beauty,2,50,15.5,100
949,20:28:00,21,Female,41,Electronics,2,25,9,50
1949,20:24:00,105,Female,41,Electronics,2,25,12.5,50
27,19:44:00,39,Female,38,Beauty,2,25,8.25,50
347,19:31:00,26,Male,42,Electronics,1,25,7,25
687,17:14:00,86,Female,53,Electronics,1,300,150,300
1027,21:00:00,131,Female,38,Beauty,2,25,7.5,50
1347,21:55:00,7,Male,42,Electronics,1,25,13,25
1687,22:27:00,102,Female,53,Electronics,1,300,81,300
549,19:39:00,114,Female,50,Beauty,2,50,12.5,100
675,18:10:00,26,Female,45,Clothing,2,30,15.9,60
730,19:38:00,131,Female,36,Clothing,2,25,13.25,50
798,21:19:00,73,Male,61,Clothing,1,50,15,50
1549,19:25:00,109,Female,50,Beauty,2,50,14.5,100
1675,19:55:00,152,Female,45,Clothing,2,30,16.2,60
1730,19:17:00,116,Female,36,Clothing,2,25,10.75,50
1798,20:26:00,96,Male,61,Clothing,1,50,20,50
13,17:43:00,106,Male,22,Electronics,3,500,245,1500
35,17:30:00,122,Female,58,Beauty,3,300,126,900
140,20:20:00,61,Male,38,Electronics,1,30,14.4,30
206,18:18:00,31,Male,61,Clothing,1,25,11.75,25
261,17:48:00,16,Male,21,Clothing,2,25,8.25,50
279,17:29:00,38,Male,50,Clothing,1,500,210,500
308,19:12:00,130,Female,34,Beauty,4,300,126,1200
418,18:05:00,95,Female,60,Electronics,2,500,155,1000
1013,19:38:00,111,Male,22,Electronics,3,500,200,1500
1035,21:56:00,52,Female,58,Beauty,3,300,105,900
1140,19:26:00,154,Male,38,Electronics,1,30,15.9,30
1206,19:45:00,68,Male,61,Clothing,1,25,8.5,25
1261,21:19:00,116,Male,21,Clothing,2,25,6.25,50
1279,22:55:00,116,Male,50,Clothing,1,500,170,500
1308,22:39:00,91,Female,34,Beauty,4,300,150,1200
1418,18:19:00,68,Female,60,Electronics,2,500,215,1000
612,19:06:00,77,Female,61,Electronics,1,500,235,500
875,21:47:00,134,Female,51,Electronics,4,500,135,2000
1612,21:14:00,140,Female,61,Electronics,1,500,230,500
1875,22:42:00,141,Female,51,Electronics,4,500,165,2000
430,18:36:00,100,Female,43,Electronics,3,300,153,900
633,22:20:00,35,Male,39,Beauty,4,30,12.3,120
1430,18:25:00,22,Female,43,Electronics,3,300,132,900
1633,18:18:00,152,Male,39,Beauty,4,30,11.4,120
125,18:48:00,137,Male,48,Clothing,2,50,19,100
716,19:51:00,137,Female,60,Clothing,4,300,108,1200
790,20:47:00,29,Male,62,Clothing,1,25,9.25,25
960,19:01:00,134,Male,59,Clothing,2,30,14.4,60
1125,17:51:00,79,Male,48,Clothing,2,50,21.5,100
1716,19:16:00,39,Female,60,Clothing,4,300,87,1200
1790,20:52:00,147,Male,62,Clothing,1,25,7.5,25
1960,22:04:00,67,Male,59,Clothing,2,30,13.2,60
259,20:26:00,93,Female,45,Clothing,4,50,22.5,200
443,20:25:00,98,Male,29,Clothing,2,300,114,600
529,17:43:00,46,Female,35,Clothing,3,50,20.5,150
563,18:40:00,150,Male,20,Clothing,2,30,16.2,60
1259,17:31:00,105,Female,45,Clothing,4,50,21,200
1443,19:37:00,81,Male,29,Clothing,2,300,147,600
1529,22:38:00,105,Female,35,Clothing,3,50,17,150
1563,17:44:00,22,Male,20,Clothing,2,30,15.3,60
801,17:14:00,153,Male,21,Clothing,4,50,19,200
1801,22:01:00,148,Male,21,Clothing,4,50,13.5,200
160,17:08:00,127,Female,43,Clothing,2,50,26.5,100
508,22:52:00,32,Male,58,Beauty,2,300,123,600
807,19:49:00,91,Female,50,Electronics,4,50,15.5,200
1160,19:20:00,105,Female,43,Clothing,2,50,14,100
1508,20:32:00,90,Male,58,Beauty,2,300,81,600
1807,22:15:00,19,Female,50,Electronics,4,50,22,200
511,18:19:00,146,Male,45,Beauty,2,50,24.5,100
521,19:56:00,133,Female,47,Clothing,4,30,8.7,120
695,22:12:00,52,Female,22,Electronics,3,50,21,150
816,19:29:00,133,Male,47,Beauty,2,500,240,1000
1511,21:36:00,45,Male,45,Beauty,2,50,13.5,100
1521,19:08:00,30,Female,47,Clothing,4,30,12.9,120
1695,20:51:00,85,Female,22,Electronics,3,50,23,150
1816,22:30:00,52,Male,47,Beauty,2,500,245,1000
217,17:01:00,17,Female,35,Electronics,4,50,26.5,200
384,19:53:00,127,Male,55,Clothing,1,500,145,500
1217,19:28:00,70,Female,35,Electronics,4,50,18,200
1384,20:23:00,106,Male,55,Clothing,1,500,260,500
648,18:13:00,41,Male,53,Beauty,4,300,138,1200
926,22:53:00,53,Male,22,Electronics,1,30,15.6,30
1648,17:18:00,16,Male,53,Beauty,4,300,87,1200
1926,20:22:00,74,Male,22,Electronics,1,30,9.6,30
285,18:14:00,107,Female,31,Electronics,1,25,13.5,25
427,21:26:00,120,Male,25,Electronics,1,25,11.75,25
569,20:49:00,132,Male,52,Electronics,4,50,19,200
570,22:53:00,91,Male,49,Clothing,1,500,185,500
630,17:29:00,94,Male,42,Clothing,2,50,25.5,100
957,19:00:00,105,Female,60,Electronics,4,30,9.3,120
1285,21:55:00,130,Female,31,Electronics,1,25,12.25,25
1427,18:36:00,92,Male,25,Electronics,1,25,11.5,25
1569,21:07:00,35,Male,52,Electronics,4,50,18,200
1570,22:32:00,109,Male,49,Clothing,1,500,170,500
1630,17:22:00,95,Male,42,Clothing,2,50,16,100
1957,19:00:00,75,Female,60,Electronics,4,30,14.7,120
635,21:03:00,89,Female,63,Electronics,3,300,129,900
1635,18:08:00,36,Female,63,Electronics,3,300,159,900
29,20:10:00,31,Female,42,Electronics,1,30,13.5,30
277,22:10:00,139,Male,36,Clothing,4,25,12.25,100
859,21:52:00,46,Female,56,Electronics,3,500,190,1500
1029,19:23:00,117,Female,42,Electronics,1,30,12.3,30
1277,21:20:00,80,Male,36,Clothing,4,25,12.75,100
1859,20:58:00,32,Female,56,Electronics,3,500,205,1500
638,19:52:00,154,Male,46,Electronics,1,500,190,500
823,17:42:00,66,Female,56,Electronics,2,50,25,100
956,21:50:00,140,Male,30,Clothing,3,500,135,1500
981,21:08:00,5,Female,30,Electronics,2,30,12.9,60
1638,18:26:00,37,Male,46,Electronics,1,500,155,500
1823,22:28:00,58,Female,56,Electronics,2,50,26.5,100
1956,20:40:00,62,Male,30,Clothing,3,500,170,1500
1981,22:50:00,19,Female,30,Electronics,2,30,11.7,60
219,22:34:00,79,Female,53,Electronics,3,30,10.2,90
1219,21:47:00,149,Female,53,Electronics,3,30,11.1,90
73,21:47:00,42,Male,29,Electronics,3,30,9,90
162,19:37:00,118,Male,39,Clothing,2,30,9,60
306,22:05:00,148,Male,54,Electronics,1,50,26.5,50
725,20:32:00,2,Male,61,Electronics,1,300,153,300
880,20:13:00,63,Male,22,Beauty,2,500,175,1000
992,19:34:00,134,Female,57,Electronics,2,30,7.8,60
1073,18:16:00,82,Male,29,Electronics,3,30,15.3,90
1162,17:08:00,101,Male,39,Clothing,2,30,12.6,60
1306,20:57:00,122,Male,54,Electronics,1,50,18.5,50
1725,21:02:00,109,Male,61,Electronics,1,300,105,300
1880,20:03:00,37,Male,22,Beauty,2,500,175,1000
1992,21:35:00,70,Female,57,Electronics,2,30,8.7,60
597,19:29:00,84,Male,22,Beauty,4,300,111,1200
622,22:00:00,155,Female,49,Beauty,3,25,6.25,75
1597,18:21:00,32,Male,22,Beauty,4,300,78,1200
1622,21:28:00,54,Female,49,Beauty,3,25,11.75,75
116,20:04:00,58,Female,23,Clothing,1,30,15,30
364,19:06:00,98,Female,19,Beauty,1,500,200,500
368,21:11:00,90,Female,56,Clothing,4,300,132,1200
1116,22:26:00,145,Female,23,Clothing,1,30,12.3,30
1364,17:04:00,72,Female,19,Beauty,1,500,250,500
1368,21:29:00,145,Female,56,Clothing,4,300,132,1200
50,18:51:00,71,Female,27,Beauty,3,25,10.5,75
479,21:35:00,90,Male,52,Electronics,4,300,105,1200
804,17:12:00,99,Male,42,Electronics,1,30,10.8,30
1050,20:15:00,24,Female,27,Beauty,3,25,11.25,75
1479,22:24:00,108,Male,52,Electronics,4,300,162,1200
1804,22:46:00,74,Male,42,Electronics,1,30,14.7,30
92,19:41:00,10,Female,51,Electronics,4,30,8.7,120
282,17:39:00,10,Female,64,Electronics,4,50,56,200
718,20:25:00,154,Female,59,Beauty,3,25,25,75
1092,20:15:00,58,Female,51,Electronics,4,30,31.5,120
1282,20:05:00,23,Female,64,Electronics,4,50,48.5,200
1718,19:03:00,20,Female,59,Beauty,3,25,25.5,75
617,19:12:00,30,Male,34,Electronics,1,30,28.5,30
624,19:08:00,48,Female,34,Beauty,3,300,342,900
825,17:27:00,51,Female,46,Beauty,1,25,27.25,25
1617,17:09:00,77,Male,34,Electronics,1,30,35.1,30
1624,20:48:00,121,Female,34,Beauty,3,300,363,900
1825,18:34:00,105,Female,46,Beauty,1,25,27,25
568,20:03:00,32,Female,51,Electronics,1,300,372,300
671,19:51:00,2,Male,62,Electronics,3,50,61.5,150
756,20:33:00,4,Female,62,Electronics,4,300,333,1200
815,21:15:00,139,Female,51,Clothing,3,25,23.75,75
1568,22:34:00,51,Female,51,Electronics,1,300,336,300
1671,20:55:00,47,Male,62,Electronics,3,50,62.5,150
1756,22:16:00,119,Female,62,Electronics,4,300,297,1200
1815,22:19:00,6,Female,51,Clothing,3,25,30.5,75
146,22:01:00,74,Male,38,Clothing,4,50,49,200
263,21:48:00,133,Male,23,Beauty,2,30,34.8,60
704,22:40:00,141,Female,62,Clothing,3,30,34.8,90
1146,21:11:00,52,Male,38,Clothing,4,50,60,200
1263,20:49:00,47,Male,23,Beauty,2,30,35.4,60
1704,20:07:00,155,Female,62,Clothing,3,30,30.3,90
476,18:31:00,131,Female,27,Clothing,4,500,570,2000
733,21:07:00,143,Male,34,Beauty,1,30,28.5,30
924,22:18:00,151,Male,55,Beauty,2,50,55,100
984,19:29:00,83,Male,56,Clothing,1,500,480,500
1476,22:27:00,130,Female,27,Clothing,4,500,555,2000
1733,20:52:00,146,Male,34,Beauty,1,30,36.6,30
1924,22:25:00,107,Male,55,Beauty,2,50,54.5,100
1984,20:10:00,126,Male,56,Clothing,1,500,530,500
251,21:00:00,141,Female,57,Beauty,4,50,62.5,200
253,21:26:00,66,Female,53,Clothing,4,500,525,2000
574,20:12:00,24,Female,63,Electronics,2,25,24.75,50
751,19:58:00,115,Female,42,Clothing,2,25,24.75,50
871,23:00:00,57,Male,62,Beauty,2,30,33.9,60
1251,21:08:00,137,Female,57,Beauty,4,50,57.5,200
1253,19:58:00,108,Female,53,Clothing,4,500,605,2000
1574,21:51:00,150,Female,63,Electronics,2,25,24.75,50
1751,22:09:00,99,Female,42,Clothing,2,25,30.25,50
1871,18:39:00,41,Male,62,Beauty,2,30,30.6,60
200,22:29:00,130,Male,27,Beauty,3,50,60,150
594,21:49:00,72,Female,19,Electronics,2,300,291,600
637,18:54:00,21,Male,43,Clothing,2,300,321,600
855,19:43:00,13,Male,54,Beauty,1,25,25.75,25
1200,19:04:00,20,Male,27,Beauty,3,50,54.5,150
1594,19:02:00,31,Female,19,Electronics,2,300,345,600
1637,20:50:00,97,Male,43,Clothing,2,300,297,600
1855,21:15:00,44,Male,54,Beauty,1,25,31.25,25
325,22:02:00,6,Female,52,Electronics,2,25,31.25,50
682,20:51:00,60,Male,46,Beauty,4,300,354,1200
931,21:34:00,48,Male,30,Beauty,4,30,29.1,120
1325,19:47:00,18,Female,52,Electronics,2,25,26.75,50
1682,19:30:00,71,Male,46,Beauty,4,300,315,1200
1931,19:15:00,61,Male,30,Beauty,4,30,34.2,120
925,17:12:00,54,Male,25,Electronics,1,300,315,300
1925,17:05:00,81,Male,25,Electronics,1,300,366,300
297,21:09:00,70,Female,40,Electronics,2,500,595,1000
1297,22:32:00,21,Female,40,Electronics,2,500,535,1000
814,20:33:00,96,Female,59,Clothing,1,500,540,500
894,22:53:00,111,Male,52,Electronics,1,30,30.6,30
1814,17:53:00,43,Female,59,Clothing,1,500,620,500
1894,18:11:00,92,Male,52,Electronics,1,30,30,30
194,19:27:00,116,Male,55,Clothing,4,50,51.5,200
245,21:41:00,75,Male,47,Clothing,3,30,36,90
296,22:44:00,73,Female,22,Clothing,4,300,369,1200
644,21:49:00,107,Male,23,Beauty,3,25,29,75
696,18:05:00,24,Female,50,Clothing,4,50,48.5,200
1194,22:06:00,130,Male,55,Clothing,4,50,61.5,200
1245,20:47:00,129,Male,47,Clothing,3,30,36,90
1296,20:42:00,45,Female,22,Clothing,4,300,342,1200
1644,19:32:00,124,Male,23,Beauty,3,25,28.75,75
1696,17:59:00,24,Female,50,Clothing,4,50,55,200
312,18:08:00,18,Male,41,Clothing,4,30,28.5,120
692,19:48:00,110,Female,64,Clothing,2,50,49.5,100
835,23:00:00,49,Male,37,Clothing,4,50,60,200
1312,17:28:00,73,Male,41,Clothing,4,30,29.1,120
1692,19:50:00,103,Female,64,Clothing,2,50,59.5,100
1835,20:58:00,98,Male,37,Clothing,4,50,49.5,200
183,19:22:00,28,Female,43,Beauty,3,300,375,900
413,21:52:00,60,Female,44,Beauty,3,25,25.5,75
799,19:44:00,86,Male,56,Electronics,2,50,60,100
851,17:23:00,30,Male,32,Electronics,2,25,27.75,50
1183,17:10:00,54,Female,43,Beauty,3,300,342,900
1413,19:33:00,104,Female,44,Beauty,3,25,30.75,75
1799,19:09:00,132,Male,56,Electronics,2,50,51,100
1851,21:36:00,87,Male,32,Electronics,2,25,25,50
858,18:48:00,85,Male,23,Electronics,2,50,50.5,100
919,21:13:00,82,Female,22,Beauty,2,25,27.75,50
935,21:16:00,2,Female,34,Beauty,1,50,55.5,50
1858,20:47:00,49,Male,23,Electronics,2,50,52,100
1919,17:54:00,78,Female,22,Beauty,2,25,26.5,50
1935,22:40:00,96,Female,34,Beauty,1,50,47.5,50
132,20:34:00,86,Male,42,Electronics,4,50,62,200
1132,17:27:00,14,Male,42,Electronics,4,50,59,200
604,19:34:00,139,Female,29,Electronics,4,50,50.5,200
832,17:25:00,106,Male,47,Beauty,4,500,600,2000
1604,18:43:00,2,Female,29,Electronics,4,50,56,200
1832,21:17:00,57,Male,47,Beauty,4,500,480,2000
113,19:14:00,72,Female,41,Electronics,2,25,26.25,50
1113,17:41:00,141,Female,41,Electronics,2,25,27.75,50
165,19:01:00,75,Female,60,Clothing,4,300,318,1200
1165,17:04:00,29,Female,60,Clothing,4,300,291,1200
326,19:51:00,108,Female,18,Clothing,3,25,24.25,75
1326,22:35:00,66,Female,18,Clothing,3,25,28.75,75
19,19:39:00,30,Female,62,Clothing,2,25,28.5,50
412,19:36:00,30,Female,19,Electronics,4,500,570,2000
632,20:13:00,78,Female,26,Electronics,4,25,24.75,100
1019,21:22:00,56,Female,62,Clothing,2,25,25.75,50
1412,19:59:00,75,Female,19,Electronics,4,500,615,2000
1632,18:16:00,29,Female,26,Electronics,4,25,24.75,100
167,20:58:00,73,Female,43,Clothing,3,50,49,150
172,18:09:00,52,Male,32,Beauty,2,25,28,50
375,17:32:00,25,Male,32,Clothing,1,50,52,50
538,18:20:00,102,Male,18,Clothing,3,50,56.5,150
794,21:47:00,145,Female,60,Beauty,1,300,315,300
1167,21:21:00,9,Female,43,Clothing,3,50,54,150
1172,21:12:00,150,Male,32,Beauty,2,25,28.5,50
1375,17:50:00,79,Male,32,Clothing,1,50,59,50
1538,20:57:00,21,Male,18,Clothing,3,50,53.5,150
1794,19:40:00,26,Female,60,Beauty,1,300,351,300
131,22:32:00,44,Female,21,Beauty,2,300,375,600
330,20:18:00,116,Female,25,Beauty,4,50,55,200
494,20:18:00,140,Female,42,Beauty,4,50,58,200
1131,19:16:00,130,Female,21,Beauty,2,300,336,600
1330,17:49:00,20,Female,25,Beauty,4,50,48,200
1494,19:29:00,74,Female,42,Beauty,4,50,62.5,200
513,18:31:00,85,Male,24,Electronics,4,25,24.5,100
573,22:59:00,78,Male,49,Beauty,2,30,36.3,60
1513,21:47:00,19,Male,24,Electronics,4,25,31,100
1573,21:45:00,148,Male,49,Beauty,2,30,31.2,60
241,20:21:00,108,Female,23,Electronics,3,25,26.75,75
579,17:43:00,41,Female,38,Electronics,1,30,36.6,30
1241,17:28:00,26,Female,23,Electronics,3,25,24.5,75
1579,17:38:00,119,Female,38,Electronics,1,30,28.8,30
218,20:39:00,144,Male,64,Beauty,3,30,33.9,90
846,18:46:00,13,Male,42,Beauty,1,50,59.5,50
1218,22:11:00,30,Male,64,Beauty,3,30,34.2,90
1846,17:51:00,83,Male,42,Beauty,1,50,49.5,50
616,19:18:00,122,Male,41,Clothing,2,50,49.5,100
1616,18:41:00,121,Male,41,Clothing,2,50,59,100
523,19:18:00,110,Female,62,Electronics,1,300,375,300
643,22:26:00,63,Female,28,Electronics,3,30,28.8,90
1523,20:40:00,150,Female,62,Electronics,1,300,330,300
1643,21:47:00,12,Female,28,Electronics,3,30,33.3,90
351,22:16:00,38,Female,56,Clothing,3,30,36.6,90
809,22:51:00,124,Female,62,Beauty,2,50,50,100
954,21:03:00,87,Female,50,Electronics,3,300,321,900
1351,20:58:00,88,Female,56,Clothing,3,30,28.5,90
1809,18:09:00,51,Female,62,Beauty,2,50,61.5,100
1954,17:30:00,93,Female,50,Electronics,3,300,318,900
897,17:53:00,15,Female,64,Electronics,2,50,51.5,100
1897,17:12:00,137,Female,64,Electronics,2,50,62,100
147,20:30:00,101,Male,23,Electronics,1,300,297,300
204,21:04:00,101,Male,39,Beauty,1,25,31.25,25
390,20:53:00,88,Male,39,Electronics,2,50,51,100
1147,22:14:00,35,Male,23,Electronics,1,300,330,300
1204,19:24:00,72,Male,39,Beauty,1,25,27.5,25
1390,22:47:00,117,Male,39,Electronics,2,50,54,100
179,20:42:00,121,Male,31,Electronics,1,300,375,300
327,18:30:00,107,Male,57,Electronics,3,50,56,150
626,21:01:00,65,Female,26,Clothing,4,500,555,2000
873,20:20:00,137,Female,27,Electronics,4,25,29,100
1179,17:28:00,122,Male,31,Electronics,1,300,354,300
1327,21:16:00,118,Male,57,Electronics,3,50,58,150
1626,19:13:00,19,Female,26,Clothing,4,500,495,2000
1873,19:18:00,64,Female,27,Electronics,4,25,26.75,100
196,19:14:00,43,Female,32,Clothing,3,300,312,900
789,22:13:00,34,Female,61,Clothing,4,500,510,2000
1196,21:18:00,93,Female,32,Clothing,3,300,306,900
1789,17:02:00,144,Female,61,Clothing,4,500,615,2000
89,21:15:00,117,Female,55,Electronics,4,500,590,2000
707,20:34:00,117,Female,26,Clothing,1,500,580,500
909,19:43:00,71,Male,26,Electronics,1,300,288,300
1089,18:44:00,108,Female,55,Electronics,4,500,555,2000
1707,18:35:00,144,Female,26,Clothing,1,500,535,500
1909,19:41:00,17,Male,26,Electronics,1,300,339,300
51,22:09:00,78,Male,27,Beauty,3,25,24.75,75
154,17:47:00,24,Male,51,Electronics,3,300,321,900
276,21:27:00,40,Female,21,Beauty,4,25,27.5,100
497,18:11:00,127,Male,41,Clothing,4,30,37.2,120
889,22:32:00,39,Female,35,Electronics,1,50,57.5,50
1051,17:47:00,104,Male,27,Beauty,3,25,25,75
1154,21:44:00,29,Male,51,Electronics,3,300,291,900
1276,18:54:00,140,Female,21,Beauty,4,25,27,100
1497,21:44:00,109,Male,41,Clothing,4,30,32.4,120
1889,22:48:00,80,Female,35,Electronics,1,50,56,50
122,19:02:00,1,Male,64,Electronics,4,30,35.4,120
373,22:19:00,78,Female,25,Beauty,2,300,333,600
524,19:52:00,12,Male,46,Beauty,4,300,297,1200
688,21:45:00,132,Male,56,Clothing,4,25,24.75,100
813,19:51:00,125,Male,52,Electronics,3,50,62,150
1122,19:53:00,138,Male,64,Electronics,4,30,31.8,120
1373,20:26:00,64,Female,25,Beauty,2,300,294,600
1524,22:10:00,115,Male,46,Beauty,4,300,321,1200
1688,17:25:00,150,Male,56,Clothing,4,25,26.5,100
1813,22:24:00,86,Male,52,Electronics,3,50,61.5,150
178,17:51:00,142,Male,40,Clothing,2,30,34.2,60
208,20:56:00,144,Female,34,Electronics,4,50,57,200
247,17:56:00,82,Male,41,Electronics,2,30,31.5,60
290,21:39:00,86,Female,30,Beauty,2,300,342,600
656,20:58:00,27,Male,29,Beauty,3,30,29.4,90
735,21:38:00,153,Female,64,Clothing,4,500,515,2000
1178,21:15:00,137,Male,40,Clothing,2,30,33,60
1208,17:44:00,9,Female,34,Electronics,4,50,47.5,200
1247,18:17:00,78,Male,41,Electronics,2,30,35.7,60
1290,22:40:00,66,Female,30,Beauty,2,300,318,600
1656,20:03:00,141,Male,29,Beauty,3,30,35.4,90
1735,17:26:00,86,Female,64,Clothing,4,500,505,2000
319,18:50:00,145,Male,31,Clothing,1,500,500,500
670,17:24:00,59,Male,27,Beauty,1,30,35.7,30
1319,17:17:00,76,Male,31,Clothing,1,500,585,500
1670,21:32:00,58,Male,27,Beauty,1,30,34.2,30
385,19:06:00,127,Male,50,Electronics,3,500,525,1500
1385,19:22:00,55,Male,50,Electronics,3,500,505,1500
10,22:55:00,81,Female,52,Clothing,4,50,62.5,200
26,17:54:00,51,Female,28,Electronics,2,500,600,1000
437,18:53:00,56,Female,35,Electronics,4,300,345,1200
689,20:17:00,55,Male,57,Electronics,2,50,52.5,100
1010,22:11:00,65,Female,52,Clothing,4,50,54.5,200
1026,19:10:00,60,Female,28,Electronics,2,500,520,1000
1437,19:19:00,76,Female,35,Electronics,4,300,372,1200
1689,20:54:00,114,Male,57,Electronics,2,50,47.5,100
558,17:47:00,108,Female,41,Clothing,1,25,26,25
634,19:25:00,68,Male,60,Electronics,4,500,535,2000
1558,20:37:00,91,Female,41,Clothing,1,25,27.75,25
1634,17:18:00,90,Male,60,Electronics,4,500,520,2000
201,19:08:00,105,Male,56,Electronics,1,25,29.75,25
286,22:56:00,92,Male,55,Electronics,2,25,27.75,50
876,19:39:00,104,Male,43,Clothing,4,30,30,120
1201,17:28:00,115,Male,56,Electronics,1,25,27.75,25
1286,17:23:00,111,Male,55,Electronics,2,25,28.5,50
1876,19:53:00,68,Male,43,Clothing,4,30,32.1,120
55,20:32:00,57,Male,31,Beauty,4,30,31.8,120
428,22:44:00,50,Female,40,Electronics,4,50,49.5,200
441,22:00:00,85,Male,57,Beauty,4,300,351,1200
976,19:50:00,56,Female,48,Beauty,2,300,345,600
1055,21:35:00,97,Male,31,Beauty,4,30,37.5,120
1428,18:44:00,96,Female,40,Electronics,4,50,57,200
1441,21:38:00,63,Male,57,Beauty,4,300,354,1200
1976,21:10:00,108,Female,48,Beauty,2,300,360,600
149,17:52:00,73,Male,22,Clothing,3,25,27,75
227,19:19:00,87,Male,36,Electronics,2,50,50.5,100
393,18:52:00,85,Female,22,Beauty,2,500,595,1000
401,19:03:00,51,Female,62,Clothing,1,300,372,300
546,22:32:00,57,Female,36,Electronics,4,50,53.5,200
872,22:18:00,113,Female,63,Beauty,3,25,24.75,75
914,22:25:00,83,Female,59,Electronics,1,500,510,500
1149,19:23:00,98,Male,22,Clothing,3,25,29.75,75
1227,20:09:00,103,Male,36,Electronics,2,50,47.5,100
1393,17:24:00,56,Female,22,Beauty,2,500,580,1000
1401,21:20:00,85,Female,62,Clothing,1,300,294,300
1546,19:06:00,93,Female,36,Electronics,4,50,48,200
1872,17:02:00,57,Female,63,Beauty,3,25,26.25,75
1914,17:49:00,70,Female,59,Electronics,1,500,510,500
310,21:34:00,76,Female,28,Beauty,1,25,31,25
844,17:54:00,95,Male,35,Clothing,3,50,62,150
852,19:35:00,82,Female,41,Clothing,1,300,375,300
1310,21:31:00,74,Female,28,Beauty,1,25,24.75,25
1844,20:30:00,70,Male,35,Clothing,3,50,50.5,150
1852,18:09:00,109,Female,41,Clothing,1,300,333,300
97,18:17:00,112,Female,51,Beauty,2,500,555,1000
619,18:10:00,56,Male,47,Electronics,4,25,26.25,100
948,22:06:00,52,Female,23,Electronics,3,25,28.75,75
1097,20:53:00,86,Female,51,Beauty,2,500,485,1000
1619,18:07:00,61,Male,47,Electronics,4,25,24.25,100
1948,21:09:00,100,Female,23,Electronics,3,25,24.5,75
456,19:45:00,51,Male,57,Electronics,2,30,33.9,60
627,18:14:00,79,Male,57,Clothing,1,50,55.5,50
1456,18:49:00,85,Male,57,Electronics,2,30,37.2,60
1627,17:21:00,84,Male,57,Clothing,1,50,60,50
22,17:11:00,66,Male,18,Clothing,2,50,60.5,100
121,18:57:00,110,Female,28,Electronics,4,50,54.5,200
431,22:02:00,99,Male,63,Electronics,4,300,345,1200
1022,17:49:00,69,Male,18,Clothing,2,50,52.5,100
1121,21:10:00,95,Female,28,Electronics,4,50,50.5,200
1431,21:28:00,114,Male,63,Electronics,4,300,312,1200
370,21:04:00,61,Male,23,Electronics,2,30,34.8,60
711,22:26:00,103,Male,26,Electronics,3,500,575,1500
754,18:40:00,90,Female,43,Electronics,4,25,23.75,100
943,19:29:00,90,Female,57,Clothing,4,300,318,1200
1370,22:51:00,90,Male,23,Electronics,2,30,36,60
1711,20:33:00,113,Male,26,Electronics,3,500,570,1500
1754,21:03:00,107,Female,43,Electronics,4,25,28.5,100
1943,21:00:00,108,Female,57,Clothing,4,300,321,1200
350,17:41:00,61,Male,25,Beauty,3,25,28.5,75
786,20:38:00,78,Male,48,Clothing,4,25,28.5,100
1350,22:02:00,93,Male,25,Beauty,3,25,29.25,75
1786,21:26:00,69,Male,48,Clothing,4,25,28.75,100
109,19:57:00,94,Female,34,Electronics,4,500,560,2000
191,21:24:00,71,Male,64,Beauty,1,25,28.25,25
1109,22:13:00,114,Female,34,Electronics,4,500,590,2000
1191,17:20:00,88,Male,64,Beauty,1,25,25,25
340,22:59:00,54,Female,36,Clothing,4,300,294,1200
555,19:35:00,103,Male,25,Beauty,1,300,360,300
826,19:08:00,81,Female,46,Clothing,1,300,303,300
962,22:02:00,76,Male,44,Clothing,2,30,35.1,60
1340,20:55:00,92,Female,36,Clothing,4,300,348,1200
1555,18:54:00,55,Male,25,Beauty,1,300,312,300
1826,22:05:00,104,Female,46,Clothing,1,300,297,300
1962,18:59:00,65,Male,44,Clothing,2,30,32.7,60
249,20:17:00,109,Male,20,Clothing,1,50,53.5,50
1249,21:44:00,95,Male,20,Clothing,1,50,60,50
922,22:54:00,103,Male,41,Electronics,1,50,60.5,50
1922,20:07:00,72,Male,41,Electronics,1,50,48.5,50
600,18:39:00,64,Female,59,Beauty,2,500,525,1000
680,22:04:00,110,Female,53,Clothing,3,300,330,900
770,22:49:00,71,Male,32,Clothing,1,50,55,50
1600,17:44:00,67,Female,59,Beauty,2,500,575,1000
1680,17:12:00,72,Female,53,Clothing,3,300,324,900
1770,20:08:00,65,Male,32,Clothing,1,50,56,50
60,18:15:00,91,Male,30,Beauty,3,50,60.5,150
250,23:00:00,91,Male,48,Electronics,1,50,60.5,50
516,18:38:00,85,Male,30,Beauty,4,25,24.25,100
937,19:57:00,50,Female,62,Beauty,1,500,510,500
1060,18:29:00,71,Male,30,Beauty,3,50,57,150
1250,20:39:00,96,Male,48,Electronics,1,50,48.5,50
1516,17:19:00,54,Male,30,Beauty,4,25,24.5,100
1937,17:57:00,52,Female,62,Beauty,1,500,620,500
318,21:26:00,57,Male,61,Clothing,1,25,29.25,25
342,17:24:00,85,Female,43,Clothing,4,500,500,2000
564,20:14:00,114,Male,50,Electronics,2,50,55.5,100
767,22:44:00,72,Male,39,Beauty,3,25,24.5,75
1318,22:57:00,55,Male,61,Clothing,1,25,27,25
1342,23:00:00,114,Female,43,Clothing,4,500,485,2000
1564,22:55:00,115,Male,50,Electronics,2,50,49.5,100
1767,17:35:00,87,Male,39,Beauty,3,25,28.25,75
503,20:06:00,63,Male,45,Beauty,4,500,570,2000
869,22:16:00,51,Male,37,Beauty,3,500,485,1500
1503,18:28:00,67,Male,45,Beauty,4,500,605,2000
1869,19:51:00,113,Male,37,Beauty,3,500,605,1500
126,18:16:00,63,Female,28,Clothing,3,30,28.8,90
349,17:05:00,78,Female,57,Beauty,1,50,48.5,50
440,20:15:00,110,Male,64,Clothing,2,300,348,600
1126,17:12:00,62,Female,28,Clothing,3,30,28.8,90
1349,21:57:00,112,Female,57,Beauty,1,50,49.5,50
1440,19:20:00,86,Male,64,Clothing,2,300,354,600
124,21:17:00,83,Male,33,Clothing,4,500,515,2000
324,17:52:00,54,Female,52,Electronics,3,50,49,150
677,21:13:00,65,Female,19,Beauty,3,500,555,1500
1124,20:04:00,83,Male,33,Clothing,4,500,515,2000
1324,20:29:00,56,Female,52,Electronics,3,50,55,150
1677,20:51:00,84,Female,19,Beauty,3,500,490,1500
30,20:05:00,59,Female,39,Beauty,3,300,285,900
226,17:02:00,69,Female,61,Clothing,1,50,57.5,50
229,19:23:00,92,Male,58,Beauty,3,30,36.9,90
896,19:17:00,56,Female,30,Electronics,2,25,30.75,50
959,17:59:00,54,Female,42,Electronics,2,30,28.5,60
998,17:32:00,61,Female,23,Beauty,4,25,30.5,100
1030,18:02:00,96,Female,39,Beauty,3,300,309,900
1226,17:52:00,102,Female,61,Clothing,1,50,51,50
1229,21:08:00,62,Male,58,Beauty,3,30,34.5,90
1896,20:19:00,87,Female,30,Electronics,2,25,30.75,50
1959,19:56:00,95,Female,42,Electronics,2,30,34.2,60
1998,19:53:00,90,Female,23,Beauty,4,25,24,100
12,22:09:00,114,Male,35,Beauty,3,25,25.25,75
1012,18:47:00,56,Male,35,Beauty,3,25,27.25,75
710,21:11:00,71,Female,26,Electronics,3,500,495,1500
776,18:57:00,109,Male,35,Clothing,3,30,30.9,90
817,21:12:00,87,Male,30,Beauty,4,50,49,200
1710,20:14:00,104,Female,26,Electronics,3,500,610,1500
1776,20:07:00,111,Male,35,Clothing,3,30,32.1,90
1817,21:22:00,82,Male,30,Beauty,4,50,50,200
334,20:37:00,103,Male,31,Electronics,3,300,360,900
343,18:44:00,68,Male,21,Electronics,2,25,30,50
628,18:00:00,66,Female,19,Beauty,4,50,59.5,200
983,20:12:00,61,Female,29,Clothing,1,300,345,300
1334,20:37:00,60,Male,31,Electronics,3,300,366,900
1343,20:10:00,87,Male,21,Electronics,2,25,28.5,50
1628,22:23:00,51,Female,19,Beauty,4,50,58.5,200
1983,21:38:00,114,Female,29,Clothing,1,300,303,300
141,19:26:00,54,Female,22,Electronics,1,50,59,50
145,19:21:00,64,Female,39,Clothing,3,25,27.5,75
507,21:40:00,52,Female,37,Electronics,3,500,485,1500
841,20:58:00,108,Male,31,Electronics,4,25,28.5,100
898,20:55:00,53,Female,42,Clothing,3,30,35.1,90
951,21:35:00,58,Male,33,Beauty,2,50,57.5,100
1141,19:13:00,65,Female,22,Electronics,1,50,58,50
1145,19:19:00,87,Female,39,Clothing,3,25,31,75
1507,22:14:00,95,Female,37,Electronics,3,500,520,1500
1841,18:55:00,94,Male,31,Electronics,4,25,28.25,100
1898,18:17:00,81,Female,42,Clothing,3,30,35.1,90
1951,18:56:00,54,Male,33,Beauty,2,50,59.5,100
181,19:59:00,79,Male,19,Electronics,4,300,327,1200
1181,18:28:00,84,Male,19,Electronics,4,300,354,1200
784,22:44:00,71,Female,34,Electronics,1,500,610,500
1784,20:58:00,100,Female,34,Electronics,1,500,500,500
20,21:35:00,85,Male,22,Clothing,3,300,345,900
690,18:39:00,91,Female,52,Clothing,3,300,324,900
1020,18:30:00,86,Male,22,Clothing,3,300,300,900
1690,17:36:00,101,Female,52,Clothing,3,300,369,900
47,17:22:00,96,Female,40,Beauty,3,500,600,1500
405,17:55:00,79,Female,25,Clothing,4,300,324,1200
1047,21:53:00,84,Female,40,Beauty,3,500,490,1500
1405,20:08:00,91,Female,25,Clothing,4,300,342,1200
205,17:20:00,88,Female,43,Clothing,1,25,25.5,25
512,18:00:00,56,Female,57,Beauty,1,25,9.5,25
565,20:24:00,75,Female,45,Beauty,2,30,9,60
761,22:16:00,64,Female,33,Clothing,1,500,275,500
762,17:49:00,56,Female,24,Electronics,2,25,10.25,50
950,21:27:00,75,Male,36,Clothing,3,300,144,900
1205,19:19:00,97,Female,43,Clothing,1,25,7.25,25
1512,20:05:00,105,Female,57,Beauty,1,25,13.25,25
1565,20:45:00,74,Female,45,Beauty,2,30,11.1,60
1761,18:46:00,72,Female,33,Clothing,1,500,200,500
1762,18:43:00,81,Female,24,Electronics,2,25,11,50
1950,19:23:00,50,Male,36,Clothing,3,300,84,900
86,18:55:00,69,Male,19,Beauty,3,30,15.6,90
173,17:30:00,85,Male,64,Electronics,4,30,14.1,120
1086,19:50:00,84,Male,19,Beauty,3,30,16.5,90
1173,21:03:00,70,Male,64,Electronics,4,30,15,120
595,21:35:00,65,Female,18,Clothing,4,500,210,2000
827,19:24:00,96,Male,61,Beauty,3,300,165,900
965,21:45:00,84,Male,22,Clothing,4,50,13,200
1595,17:44:00,115,Female,18,Clothing,4,500,255,2000
1827,20:02:00,62,Male,61,Beauty,3,300,132,900
1965,20:03:00,93,Male,22,Clothing,4,50,21.5,200
388,19:04:00,60,Male,50,Electronics,1,25,12.25,25
631,22:18:00,92,Male,56,Electronics,3,30,16.5,90
1388,18:12:00,89,Male,50,Electronics,1,25,6.75,25
1631,19:11:00,75,Male,56,Electronics,3,30,12.3,90
554,21:04:00,94,Female,46,Beauty,3,50,13,150
812,17:45:00,89,Male,19,Electronics,3,25,11.25,75
1554,19:55:00,83,Female,46,Beauty,3,50,15.5,150
1812,22:19:00,85,Male,19,Electronics,3,25,12,75
58,19:18:00,53,Male,18,Clothing,4,300,75,1200
952,18:09:00,69,Female,57,Clothing,1,25,13.25,25
1058,18:31:00,100,Male,18,Clothing,4,300,153,1200
1952,22:13:00,114,Female,57,Clothing,1,25,13.5,25
345,18:56:00,104,Male,62,Electronics,1,30,13.5,30
458,21:35:00,110,Female,39,Electronics,4,25,7,100
582,21:38:00,110,Male,35,Clothing,3,300,75,900
963,18:24:00,76,Female,55,Beauty,1,50,13,50
1345,17:50:00,98,Male,62,Electronics,1,30,11.4,30
1458,19:21:00,95,Female,39,Electronics,4,25,9.75,100
1582,19:12:00,56,Male,35,Clothing,3,300,114,900
1963,20:56:00,115,Female,55,Beauty,1,50,20.5,50
369,19:42:00,111,Male,23,Electronics,3,500,215,1500
706,22:19:00,66,Male,51,Electronics,4,25,8,100
747,18:12:00,51,Male,23,Beauty,1,30,9.3,30
1369,21:14:00,64,Male,23,Electronics,3,500,180,1500
1706,18:04:00,57,Male,51,Electronics,4,25,11.75,100
1747,18:22:00,87,Male,23,Beauty,1,30,16.2,30
533,17:19:00,92,Male,19,Electronics,3,500,155,1500
1533,19:35:00,67,Male,19,Electronics,3,500,255,1500
169,18:47:00,73,Male,18,Beauty,3,500,145,1500
645,22:11:00,51,Female,35,Electronics,4,30,11.1,120
968,20:34:00,101,Female,48,Clothing,3,300,120,900
997,20:36:00,51,Male,52,Beauty,3,30,15,90
1169,17:12:00,101,Male,18,Beauty,3,500,255,1500
1645,17:27:00,109,Female,35,Electronics,4,30,9,120
1968,19:09:00,75,Female,48,Clothing,3,300,153,900
1997,21:09:00,99,Male,52,Beauty,3,30,10.2,90
57,20:12:00,64,Female,63,Beauty,1,30,10.2,30
137,20:42:00,66,Male,46,Beauty,2,500,125,1000
778,18:28:00,105,Female,47,Beauty,4,25,13.75,100
1057,22:31:00,114,Female,63,Beauty,1,30,15.9,30
1137,22:34:00,104,Male,46,Beauty,2,500,145,1000
1778,19:57:00,94,Female,47,Beauty,4,25,11.25,100
599,19:07:00,82,Female,28,Beauty,2,50,24.5,100
938,17:55:00,103,Male,49,Clothing,4,50,23,200
1599,17:23:00,110,Female,28,Beauty,2,50,20.5,100
1938,20:15:00,76,Male,49,Clothing,4,50,13.5,200
234,17:42:00,64,Female,62,Electronics,2,25,13.75,50
1234,17:46:00,78,Female,62,Electronics,2,25,8.25,50
410,19:41:00,64,Female,29,Clothing,2,50,14.5,100
417,22:03:00,109,Male,43,Electronics,3,300,162,900
581,21:16:00,103,Female,48,Beauty,2,30,13.8,60
1410,18:47:00,72,Female,29,Clothing,2,50,22.5,100
1417,17:43:00,54,Male,43,Electronics,3,300,147,900
1581,18:57:00,108,Female,48,Beauty,2,30,9.9,60
74,19:50:00,56,Female,18,Beauty,4,500,205,2000
87,18:09:00,104,Female,28,Beauty,2,50,15.5,100
803,17:16:00,60,Male,39,Clothing,4,25,6.75,100
1074,20:18:00,67,Female,18,Beauty,4,500,230,2000
1087,23:00:00,81,Female,28,Beauty,2,50,15,100
1803,19:36:00,101,Male,39,Clothing,4,25,8.5,100
424,19:21:00,101,Male,57,Beauty,4,300,147,1200
641,18:30:00,105,Female,40,Electronics,1,300,144,300
918,21:59:00,114,Female,42,Electronics,3,30,16.2,90
1424,21:32:00,54,Male,57,Beauty,4,300,111,1200
1641,17:41:00,65,Female,40,Electronics,1,300,165,300
1918,21:57:00,56,Female,42,Electronics,3,30,13.2,90
1,19:10:00,50,Male,34,Beauty,3,50,16,150
95,19:57:00,103,Female,32,Clothing,2,30,7.5,60
171,20:10:00,109,Female,52,Clothing,3,300,126,900
1001,20:11:00,99,Male,34,Beauty,3,50,22,150
1095,17:56:00,56,Female,32,Clothing,2,30,9.9,60
1171,21:05:00,87,Female,52,Clothing,3,300,84,900
156,19:34:00,60,Female,43,Clothing,4,25,7,100
493,20:10:00,95,Male,41,Beauty,2,25,7.75,50
1156,21:10:00,68,Female,43,Clothing,4,25,13.5,100
1493,21:49:00,58,Male,41,Beauty,2,25,6.75,50
115,19:21:00,67,Male,51,Clothing,3,500,255,1500
715,20:57:00,55,Female,42,Beauty,4,25,6.25,100
1115,17:41:00,99,Male,51,Clothing,3,500,180,1500
1715,19:35:00,89,Female,42,Beauty,4,25,9.75,100
267,17:53:00,84,Female,32,Beauty,3,30,12,90
362,22:43:00,101,Male,50,Clothing,1,25,10.25,25
856,17:43:00,102,Male,54,Electronics,4,30,9.3,120
1267,21:03:00,91,Female,32,Beauty,3,30,9.6,90
1362,18:53:00,104,Male,50,Clothing,1,25,11,25
1856,21:34:00,114,Male,54,Electronics,4,30,16.2,120
84,17:17:00,89,Female,38,Electronics,3,30,10.2,90
795,19:51:00,71,Male,57,Electronics,1,300,102,300
1084,20:37:00,93,Female,38,Electronics,3,30,7.8,90
1795,18:50:00,86,Male,57,Electronics,1,300,105,300
24,22:59:00,59,Female,49,Clothing,1,300,87,300
215,21:20:00,101,Male,58,Clothing,3,500,145,1500
739,17:09:00,57,Male,36,Beauty,1,25,10.25,25
1024,21:51:00,72,Female,49,Clothing,1,300,126,300
1215,20:44:00,107,Male,58,Clothing,3,500,130,1500
1739,17:52:00,67,Male,36,Beauty,1,25,11.25,25
289,20:29:00,107,Male,53,Electronics,2,30,8.1,60
741,22:30:00,53,Male,48,Clothing,1,300,141,300
810,18:04:00,76,Male,59,Electronics,4,25,13.75,100
1289,19:35:00,83,Male,53,Electronics,2,30,16.2,60
1741,20:47:00,70,Male,48,Clothing,1,300,132,300
1810,18:29:00,106,Male,59,Electronics,4,25,13.5,100
266,18:26:00,66,Female,19,Electronics,2,30,14.4,60
389,19:06:00,109,Male,21,Clothing,2,25,12.25,50
1266,20:08:00,79,Female,19,Electronics,2,30,15.6,60
1389,18:11:00,60,Male,21,Clothing,2,25,9.5,50
112,18:44:00,57,Male,37,Clothing,3,500,165,1500
566,19:15:00,106,Female,64,Clothing,1,30,8.4,30
608,22:19:00,112,Female,55,Electronics,3,500,200,1500
1112,17:11:00,94,Male,37,Clothing,3,500,180,1500
1566,18:17:00,56,Female,64,Clothing,1,30,15.6,30
1608,21:01:00,87,Female,55,Electronics,3,500,265,1500
348,20:20:00,83,Female,35,Electronics,2,300,147,600
1348,17:21:00,79,Female,35,Electronics,2,300,87,600
199,21:34:00,53,Male,45,Beauty,3,500,135,1500
258,17:40:00,109,Female,37,Clothing,1,50,22,50
485,17:30:00,101,Male,24,Electronics,1,30,11.4,30
576,17:30:00,113,Female,33,Beauty,3,50,20,150
1199,17:46:00,110,Male,45,Beauty,3,500,190,1500
1258,20:27:00,64,Female,37,Clothing,1,50,21.5,50
1485,18:29:00,66,Male,24,Electronics,1,30,15.6,30
1576,18:34:00,108,Female,33,Beauty,3,50,27.5,150
65,20:03:00,84,Male,51,Electronics,4,500,160,2000
311,21:01:00,61,Female,32,Beauty,4,25,9.75,100
791,16:28:00,106,Female,51,Beauty,1,25,11.75,25
971,16:50:00,64,Female,27,Electronics,4,50,26.5,200
999,16:45:00,110,Female,36,Electronics,3,50,21.5,150
1065,15:16:00,76,Male,51,Electronics,4,500,175,2000
1311,15:22:00,84,Female,32,Beauty,4,25,9.25,100
1791,14:52:00,87,Female,51,Beauty,1,25,7,25
1971,16:19:00,90,Female,27,Electronics,4,50,19,200
1999,13:06:00,61,Female,36,Electronics,3,50,13,150
395,15:00:00,76,Male,50,Electronics,2,500,175,1000
535,13:46:00,59,Male,47,Beauty,3,30,16.2,90
580,14:44:00,104,Female,31,Clothing,3,500,200,1500
712,14:15:00,108,Female,57,Beauty,2,25,11.5,50
868,13:39:00,110,Female,25,Electronics,1,300,111,300
1395,14:18:00,91,Male,50,Electronics,2,500,130,1000
1535,15:31:00,52,Male,47,Beauty,3,30,9.9,90
1580,15:47:00,105,Female,31,Clothing,3,500,250,1500
1712,16:37:00,92,Female,57,Beauty,2,25,8.75,50
1868,16:23:00,78,Female,25,Electronics,1,300,138,300
531,12:30:00,105,Male,31,Electronics,1,500,275,500
550,16:58:00,80,Male,40,Clothing,3,300,90,900
1531,13:19:00,56,Male,31,Electronics,1,500,250,500
1550,13:11:00,73,Male,40,Clothing,3,300,147,900
392,13:11:00,77,Male,27,Clothing,2,300,78,600
453,14:45:00,90,Female,26,Clothing,2,500,265,1000
540,16:17:00,79,Female,46,Electronics,3,300,87,900
625,13:36:00,68,Male,31,Clothing,1,300,123,300
1392,12:28:00,70,Male,27,Clothing,2,300,90,600
1453,13:24:00,113,Female,26,Clothing,2,500,205,1000
1540,16:51:00,115,Female,46,Electronics,3,300,147,900
1625,16:36:00,52,Male,31,Clothing,1,300,147,300
244,13:57:00,101,Male,28,Beauty,2,50,20.5,100
355,13:42:00,96,Female,55,Electronics,1,500,260,500
468,14:32:00,86,Male,40,Electronics,1,25,12.25,25
700,15:07:00,61,Male,36,Electronics,4,500,250,2000
752,16:06:00,79,Male,29,Clothing,2,50,13,100
828,15:54:00,76,Female,33,Electronics,4,300,132,1200
1244,16:47:00,100,Male,28,Beauty,2,50,19.5,100
1355,13:19:00,107,Female,55,Electronics,1,500,155,500
1468,13:14:00,73,Male,40,Electronics,1,25,9.75,25
1700,16:10:00,87,Male,36,Electronics,4,500,210,2000
1752,13:01:00,79,Male,29,Clothing,2,50,14.5,100
1828,14:14:00,99,Female,33,Electronics,4,300,165,1200
80,16:51:00,82,Female,64,Clothing,2,30,12.3,60
214,16:31:00,53,Male,20,Beauty,2,30,8.1,60
361,16:37:00,112,Female,34,Electronics,4,300,81,1200
526,12:47:00,65,Male,33,Clothing,2,50,19.5,100
1080,13:31:00,70,Female,64,Clothing,2,30,13.2,60
1214,14:24:00,50,Male,20,Beauty,2,30,11.1,60
1361,16:00:00,89,Female,34,Electronics,4,300,153,1200
1526,15:06:00,84,Male,33,Clothing,2,50,26.5,100
265,12:12:00,80,Male,55,Clothing,3,300,132,900
586,14:57:00,84,Male,50,Electronics,1,50,21.5,50
1265,14:35:00,86,Male,55,Clothing,3,300,111,900
1586,16:25:00,59,Male,50,Electronics,1,50,14,50
336,13:05:00,67,Female,52,Beauty,3,50,25,150
571,12:51:00,87,Female,41,Electronics,1,50,16,50
1336,13:27:00,74,Female,52,Beauty,3,50,21.5,150
1571,14:55:00,105,Female,41,Electronics,1,50,25,50
9,13:12:00,85,Male,63,Electronics,2,300,78,600
552,13:32:00,85,Female,49,Electronics,3,25,9.75,75
771,12:23:00,70,Male,24,Electronics,2,25,11.75,50
1009,14:18:00,88,Male,63,Electronics,2,300,78,600
1552,12:11:00,55,Female,49,Electronics,3,25,13,75
1771,13:41:00,108,Male,24,Electronics,2,25,10.75,50
496,13:07:00,91,Male,23,Clothing,2,300,141,600
701,16:33:00,93,Female,52,Beauty,2,30,14.1,60
1496,15:05:00,110,Male,23,Clothing,2,300,120,600
1701,15:09:00,62,Female,52,Beauty,2,30,15.9,60
139,14:03:00,113,Male,36,Beauty,4,500,230,2000
151,15:49:00,108,Male,29,Clothing,1,50,18,50
1139,14:23:00,87,Male,36,Beauty,4,500,230,2000
1151,14:48:00,99,Male,29,Clothing,1,50,26,50
83,15:57:00,56,Male,54,Electronics,2,50,16.5,100
153,15:52:00,62,Male,63,Electronics,2,500,195,1000
451,15:38:00,74,Female,45,Electronics,1,30,13.5,30
1083,15:46:00,99,Male,54,Electronics,2,50,17.5,100
1153,12:30:00,91,Male,63,Electronics,2,500,265,1000
1451,12:10:00,94,Female,45,Electronics,1,30,13.2,30
99,15:12:00,71,Female,50,Electronics,4,300,132,1200
783,15:37:00,91,Female,56,Clothing,1,300,150,300
1099,12:41:00,56,Female,50,Electronics,4,300,162,1200
1783,16:37:00,52,Female,56,Clothing,1,300,135,300
409,12:30:00,55,Female,21,Electronics,3,300,87,900
525,14:15:00,98,Female,47,Beauty,2,25,7,50
939,15:28:00,75,Female,46,Electronics,1,300,81,300
994,16:38:00,73,Female,51,Beauty,2,500,125,1000
1409,12:15:00,102,Female,21,Electronics,3,300,138,900
1525,13:35:00,106,Female,47,Beauty,2,25,12,50
1939,13:30:00,74,Female,46,Electronics,1,300,135,300
1994,13:27:00,86,Female,51,Beauty,2,500,250,1000
96,14:10:00,62,Female,44,Clothing,2,300,84,600
609,13:02:00,59,Female,47,Clothing,2,50,13,100
982,14:08:00,50,Female,46,Beauty,3,30,15.6,90
1096,14:49:00,82,Female,44,Clothing,2,300,138,600
1609,13:58:00,81,Female,47,Clothing,2,50,22.5,100
1982,12:46:00,110,Female,46,Beauty,3,30,16.5,90
209,12:22:00,61,Female,30,Electronics,4,50,14,200
435,13:41:00,113,Female,30,Beauty,3,300,108,900
777,15:07:00,54,Male,48,Electronics,3,50,17,150
854,15:42:00,84,Male,29,Clothing,1,50,22,50
890,14:44:00,76,Male,34,Electronics,2,25,13.5,50
1209,12:37:00,55,Female,30,Electronics,4,50,23,200
1435,13:31:00,61,Female,30,Beauty,3,300,114,900
1777,12:06:00,74,Male,48,Electronics,3,50,19.5,150
1854,16:53:00,109,Male,29,Clothing,1,50,22.5,50
1890,14:20:00,51,Male,34,Electronics,2,25,6.25,50
865,14:49:00,78,Female,42,Clothing,1,300,108,300
1865,14:52:00,107,Female,42,Clothing,1,300,156,300
662,12:40:00,100,Male,48,Beauty,2,500,145,1000
1662,12:38:00,106,Male,48,Beauty,2,500,240,1000
309,15:39:00,78,Female,26,Beauty,1,25,9,25
544,13:46:00,95,Female,27,Electronics,1,25,10.25,25
602,16:46:00,75,Female,20,Electronics,1,300,96,300
615,15:06:00,58,Female,61,Clothing,4,25,10.5,100
678,15:55:00,70,Female,60,Electronics,3,300,144,900
781,16:52:00,106,Male,35,Beauty,1,500,225,500
1309,16:50:00,93,Female,26,Beauty,1,25,9.5,25
1544,15:58:00,70,Female,27,Electronics,1,25,11.25,25
1602,15:17:00,86,Female,20,Electronics,1,300,126,300
1615,13:43:00,82,Female,61,Clothing,4,25,13.5,100
1678,13:44:00,99,Female,60,Electronics,3,300,102,900
1781,12:22:00,55,Male,35,Beauty,1,500,225,500
34,13:26:00,87,Female,51,Clothing,3,50,17,150
916,12:56:00,68,Female,32,Electronics,1,50,26,50
1034,14:48:00,52,Female,51,Clothing,3,50,24.5,150
1916,12:40:00,102,Female,32,Electronics,1,50,16.5,50
757,12:10:00,82,Female,43,Electronics,4,300,105,1200
1757,16:42:00,50,Female,43,Electronics,4,300,132,1200
25,14:32:00,61,Female,64,Beauty,1,50,19,50
82,12:55:00,85,Female,32,Beauty,4,50,15,200
472,15:23:00,95,Female,38,Beauty,3,300,162,900
842,14:13:00,71,Female,47,Clothing,2,300,105,600
879,16:51:00,50,Male,23,Clothing,1,30,15.3,30
991,14:28:00,110,Female,34,Clothing,2,50,19.5,100
1025,16:41:00,103,Female,64,Beauty,1,50,16.5,50
1082,15:56:00,111,Female,32,Beauty,4,50,27.5,200
1472,15:22:00,74,Female,38,Beauty,3,300,150,900
1842,14:03:00,84,Female,47,Clothing,2,300,75,600
1879,15:27:00,66,Male,23,Clothing,1,30,16.2,30
1991,13:11:00,96,Female,34,Clothing,2,50,14.5,100
62,12:54:00,50,Male,18,Beauty,2,50,26.5,100
386,13:20:00,77,Female,54,Electronics,2,300,153,600
1062,16:05:00,69,Male,18,Beauty,2,50,21.5,100
1386,14:06:00,110,Female,54,Electronics,2,300,81,600
429,14:29:00,80,Male,64,Electronics,2,25,6.75,50
664,16:52:00,109,Female,44,Clothing,4,500,170,2000
989,13:30:00,97,Female,44,Electronics,1,25,8.25,25
1429,13:14:00,102,Male,64,Electronics,2,25,12,50
1664,16:44:00,99,Female,44,Clothing,4,500,245,2000
1989,16:21:00,109,Female,44,Electronics,1,25,13.25,25
233,13:09:00,81,Female,51,Beauty,2,300,132,600
520,12:42:00,79,Female,49,Electronics,4,25,13,100
805,13:55:00,59,Female,30,Beauty,3,500,155,1500
908,14:47:00,64,Male,46,Beauty,4,300,81,1200
1233,16:20:00,79,Female,51,Beauty,2,300,117,600
1520,15:28:00,88,Female,49,Electronics,4,25,10.5,100
1805,13:35:00,79,Female,30,Beauty,3,500,225,1500
1908,12:34:00,93,Male,46,Beauty,4,300,87,1200
857,12:09:00,62,Male,60,Electronics,2,25,12,50
1857,12:15:00,109,Male,60,Electronics,2,25,7.5,50
211,14:02:00,54,Male,42,Beauty,3,500,235,1500
650,12:41:00,98,Male,55,Electronics,1,30,15,30
1211,14:59:00,82,Male,42,Beauty,3,500,235,1500
1650,16:24:00,89,Male,55,Electronics,1,30,10.8,30
